Pep Seq,N-Term SMILES,C-Term SMILES,pH,Nano Dimension
EKEKEKEKESLKISQAVHAAHAEINEAGREKEKEKEKE,OC([C@@H](NC(C)=O)CCCCNC(CCCCCCCCCCCCCCC)=O)=O,N,7.4,0.0
EKEKEKEKESLKISQAVHAAHAEINEAGREKEKEKEKE,OC([C@@H](NC(CCCCCCCCCCCCCCC)=O)CCCCNC(CCCCCCCCCCCCCCC)=O)=O,N,7.4,0.0
KK,CCCCCCCCCCCCCCCC(O)=O,N,5.3,0.0
KK,CCCCCCCCCCCCCCCC(O)=O,N,7.2,0.0
YKAEIEALKAEIEALKA,CCCCCC(O)=O,N,7.0,0.0
YKAEIEALKAEIEALKA,CCCCCCCCCCCCCCCC(O)=O,N,7.0,0.0
KAK,CCCCCCCCCCCCCCCC(O)=O,N,6.5,0.0
KKK,CCCCCCCCCCCCCCCC(O)=O,N,6.5,0.0
GGAVSKVLHLEGEVNKIKSALLSTNKAVVSLSNGVSVLTSKVLDLKNYIDKN,CCCCCCCCCCCCCCCC(OCC(COC(CCCCCCCCCCCCCCC)=O)OP(OCCNC(CCC(O)=O)=O)(O)=O)=O,N,7.4,0.0
YQ,OC(OCC1C2=C(C3=C1C=CC=C3)C=CC=C2)=O,None,8.0,0.0
GGGRRRRRRYGRKKRRQRRR,CC(CCC[C@H]([C@H]1CCC2C3CC=C4CC(CC[C@@]4(C3CC[C@@]21C)C)OC(NCC(NCC(NCC(N[C@H](C(N[C@H](C(N[C@H](C(N[C@H](C(N[C@H](C(N[C@H](C(N[C@H](C(NCC(N[C@H](C(N[C@H](C(N[C@H](C(N[C@H](C(N[C@H](C(N[C@H](C(N[C@H](C(N[C@H](C(N[C@H](C(N)=O)CCCNC(N)=N)=O)CCCNC(N)=N)=O)CCCNC(N)=N)=O)CCC(N)=O)=O)CCCNC(N)=N)=O)CCCNC(N)=N)=O)CCCCN)=O)CCCCN)=O)CCCNC(N)=N)=O)=O)Cc5ccc(O)cc5)=O)CCCNC(N)=N)=O)CCCNC(N)=N)=O)CCCNC(N)=N)=O)CCCNC(N)=N)=O)CCCNC(N)=N)=O)CCCNC(N)=N)=O)=O)=O)=O)C)C,N,7.0,0.0
HHHHHRRRRRRRRRR,OC(OC1CC2=CCC3C([C@@]4(CCC3[C@]2(CC1)C)C)CC[C@@H]4[C@@H](CCCC(C)C)C)=O,N,5.0,0.0
HHHHHHHHHHRRRRRRRRRR,OC(OC1CC2=CCC3C([C@@]4(CCC3[C@]2(CC1)C)C)CC[C@@H]4[C@@H](CCCC(C)C)C)=O,N,5.0,0.0
KKHHHHHH,None,N[C@H](CCCCNC(CCCCCCCCCCC)=O)C(N)=O,7.5,0.0
YEALRVANEVTLN,CCCCCCCCCCCCCCCC(O)=O,None,7.0,0.0
GGGGGGDD,CC(O)=O,None,7.0,0.0
LLLLLLKK,CC(O)=O,N,7.0,0.0
VVVVVVKK,CC(O)=O,N,7.0,0.0
AAAAGGGEIKVAVWG,CCCCCCCCCCCCCCCC(O)=O,None,10.0,0.0
WAAAAGGGEIKVAV,CCCCCCCCCCCCCCCC(O)=O,None,10.0,0.0
AAAAGGGEIKVAV,CCCCCCCCCCCCCCCC(O)=O,None,10.0,0.0
FP,OC(OCC1C2=C(C3=C1C=CC=C3)C=CC=C2)=O,None,6.5,0.0
KRGDS,CCCCCCN(C1=O)C(C2=CC=C(C3=C2C1=CC=C3C4=O)C(N4CC(O)=O)=O)=O,N,7.0,0.0
AA,OC(COC1=CC2=CC=CC=C2C=C1)=O,None,11.0,0.0
AAAAAAKK,CC(O)=O,N,7.0,0.0
VVVVVVKKK,CC(O)=O,N,7.0,0.0
LLLLLLKKKK,CC(O)=O,N,7.0,0.0
CSKKKK,CCCCCCCCCCCCCCCC(O)=O,None,7.4,0.0
SKKKK,OC([C@@H](N)CSCC(OC(CCCCCCCCCCCCCCC)=O)COC(CCCCCCCCCCCCCCC)=O)=O,None,7.4,0.0
KLWVLPKCKK,None,N[C@@H](C(N)=O)CCCCNC(CCCCCCCCCCC)=O,7.0,0.0
KLWVLPKCKK,None,N[C@H](C(N)=O)CCCCNC(CCCCCCCCCCCCCCCCCCCCC)=O,7.0,0.0
RRRR,CCCCCCCCCCCCCCCC(O)=O,N,7.4,0.0
RRRR,CCCCCCCCCCCCCC(O)=O ,N,7.4,0.0
RRRR,CCCCCCCCCCCC(O)=O ,N,7.4,0.0
PRRR,CCCCCCCCCCCCCCCC(O)=O,N,7.4,0.0
GANPNAAG,CCCCCC(O)=O,None,7.0,0.0
GANPNAAG,CCCCCCCC(O)=O,None,7.0,0.0
GANPNAAG,CCCCCCCCCC(O)=O ,None,7.0,0.0
GANPNAAG,CCCCCCCCCCCC(O)=O ,None,7.0,0.0
GANPNAAG,CC(O)=O,None,7.0,0.0
VELELVKVKL,OC(C1=CC=C(C=C1)B(O)O)=O,None,11.0,0.0
KKGRGDS,CCCCCCCCCCCC(O)=O ,None,7.4,0.0
VVVVVVKKGRGDS,None,None,7.0,0.0
QQRQQQQQQQQ,CC(O)=O,N,2.0,0.0
QQRFQWQFQQQ,CC(O)=O,N,2.0,0.0
GRKKRRQRRRPPQ,OC(CCCCCNC([C@H](NC(CCCCCCCCCCCCCCCCC)=O)CC1=CNC2=C1C=CC=C2)=O)=O,N,7.0,0.0
GRKKRRQRRRPPQ,OC(CCCCCNC([C@H](NC([C@@H](CCCCNC(C(NC(CCCCCCCCCCCCCCCCC)=O)CCCCNC(CCCCCCCCCCCCCCCCC)=O)=O)NC(C(NC(CCCCCCCCCCCCCCCCC)=O)CCCCNC(CCCCCCCCCCCCCCCCC)=O)=O)=O)CC1=CNC2=C1C=CC=C2)=O)=O,N,7.0,0.0
AAAK,CC(O)=O,None,7.2,0.0
PPPKKK,OC(CCCCCNC(CCCC1=C2CC=C3CC=CC4=C3C2=C(C=C1)C=C4)=O)=O,N,10.0,0.0
LLLKKK,OC(CCCCCNC(CCCC1=C2CC=C3CC=CC4=C3C2=C(C=C1)C=C4)=O)=O,N,4.0,0.0
PPPKKK,OC(CCCCCNC(CCCC1=C2CC=C3CC=CC4=C3C2=C(C=C1)C=C4)=O)=O,N,4.0,0.0
AAAAGGGKRGDS,OC(OC1CC2=CCC3C([C@@]4(CCC3[C@]2(CC1)C)C)CC[C@@H]4[C@@H](CCCC(C)C)C)=O,N,4.0,0.0
AAAAGGGKRGDS,CCCCCCCCCCCCCCCC(O)=O,N,4.0,0.0
AAAAGGEGRGDS,OC(OC1CC2=CCC3C([C@@]4(CCC3[C@]2(CC1)C)C)CC[C@@H]4[C@@H](CCCC(C)C)C)=O,N,4.0,0.0
AAAAGGEGRGDS,CCCCCCCCCCCCCCCC(O)=O,N,4.0,0.0
K,CCCCCCCCCCCCCCCC(O)=O,N,7.4,0.0
DV,CCCCCCCCCCCCCCCC(O)=O,N,7.4,0.0
KV,CCCCCCCCCCCCCCCC(O)=O,N,7.4,0.0
DA,CCCCCCCCCCCCCCCC(O)=O,N,7.4,0.0
IK,CCCCCCCCCCCCCCCC(O)=O,N,7.4,0.0
EF,CCCCCCCCCCCCCCCC(O)=O,N,7.4,0.0
WD,CCCCCCCCCCCCCCCC(O)=O,N,7.4,0.0
EC,CCCCCCCCCCCCCCCC(O)=O,N,7.4,0.0
QK,CCCCCCCCCCCCCCCC(O)=O,N,7.4,0.0
MD,CCCCCCCCCCCCCCCC(O)=O,N,7.4,0.0
KS,CCCCCCCCCCCCCCCC(O)=O,N,7.4,0.0
SE,CCCCCCCCCCCCCCCC(O)=O,N,7.4,0.0
AK,CCCCCCCCCCCCCCCC(O)=O,N,7.4,0.0
RD,CCCCCCCCCCCCCCCC(O)=O,N,7.4,0.0
RC,CCCCCCCCCCCCCCCC(O)=O,N,7.4,0.0
VE,CCCCCCCCCCCCCCCC(O)=O,N,7.4,0.0
VD,CCCCCCCCCCCCCCCC(O)=O,N,7.4,0.0
PR,CCCCCCCCCCCCCCCC(O)=O,N,7.4,0.0
TD,CCCCCCCCCCCCCCCC(O)=O,N,7.4,0.0
DT,CCCCCCCCCCCCCCCC(O)=O,N,7.4,0.0
YE,CCCCCCCCCCCCCCCC(O)=O,N,7.4,0.0
DS,CCCCCCCCCCCCCCCC(O)=O,N,7.4,0.0
FE,CCCCCCCCCCCCCCCC(O)=O,N,7.4,0.0
PD,CCCCCCCCCCCCCCCC(O)=O,N,7.4,0.0
LE,CCCCCCCCCCCCCCCC(O)=O,N,7.4,0.0
PE,CCCCCCCCCCCCCCCC(O)=O,N,7.4,0.0
IR,CCCCCCCCCCCCCCCC(O)=O,N,7.4,0.0
CK,CCCCCCCCCCCCCCCC(O)=O,N,7.4,0.0
EE,CCCCCCCCCCCCCCCC(O)=O,N,7.4,0.0
RR,CCCCCCCCCCCCCCCC(O)=O,N,7.4,0.0
RS,CCCCCCCCCCCCCCCC(O)=O,N,7.4,0.0
TK,CCCCCCCCCCCCCCCC(O)=O,N,7.4,0.0
ET,CCCCCCCCCCCCCCCC(O)=O,N,7.4,0.0
SR,CCCCCCCCCCCCCCCC(O)=O,N,7.4,0.0
WK,CCCCCCCCCCCCCCCC(O)=O,N,7.4,0.0
ES,CCCCCCCCCCCCCCCC(O)=O,N,7.4,0.0
CD,CCCCCCCCCCCCCCCC(O)=O,N,7.4,0.0
IE,CCCCCCCCCCCCCCCC(O)=O,N,7.4,0.0
LR,CCCCCCCCCCCCCCCC(O)=O,N,7.4,0.0
EH,CCCCCCCCCCCCCCCC(O)=O,N,7.4,0.0
MK,CCCCCCCCCCCCCCCC(O)=O,N,7.4,0.0
KT,CCCCCCCCCCCCCCCC(O)=O,N,7.4,0.0
HE,CCCCCCCCCCCCCCCC(O)=O,N,7.4,0.0
KC,CCCCCCCCCCCCCCCC(O)=O,N,7.4,0.0
VK,CCCCCCCCCCCCCCCC(O)=O,N,7.4,0.0
MR,CCCCCCCCCCCCCCCC(O)=O,N,7.4,0.0
KH,CCCCCCCCCCCCCCCC(O)=O,N,7.4,0.0
LD,CCCCCCCCCCCCCCCC(O)=O,N,7.4,0.0
RQ,CCCCCCCCCCCCCCCC(O)=O,N,7.4,0.0
RL,CCCCCCCCCCCCCCCC(O)=O,N,7.4,0.0
KP,CCCCCCCCCCCCCCCC(O)=O,N,7.4,0.0
CE,CCCCCCCCCCCCCCCC(O)=O,N,7.4,0.0
RM,CCCCCCCCCCCCCCCC(O)=O,N,7.4,0.0
RA,CCCCCCCCCCCCCCCC(O)=O,N,7.4,0.0
AD,CCCCCCCCCCCCCCCC(O)=O,N,7.4,0.0
KD,CCCCCCCCCCCCCCCC(O)=O,N,7.4,0.0
DC,CCCCCCCCCCCCCCCC(O)=O,N,7.4,0.0
DH,CCCCCCCCCCCCCCCC(O)=O,N,7.4,0.0
KA,CCCCCCCCCCCCCCCC(O)=O,N,7.4,0.0
PK,CCCCCCCCCCCCCCCC(O)=O,N,7.4,0.0
RI,CCCCCCCCCCCCCCCC(O)=O,N,7.4,0.0
DE,CCCCCCCCCCCCCCCC(O)=O,N,7.4,0.0
TR,CCCCCCCCCCCCCCCC(O)=O,N,7.4,0.0
KM,CCCCCCCCCCCCCCCC(O)=O,N,7.4,0.0
ID,CCCCCCCCCCCCCCCC(O)=O,N,7.4,0.0
RH,CCCCCCCCCCCCCCCC(O)=O,N,7.4,0.0
WR,CCCCCCCCCCCCCCCC(O)=O,N,7.4,0.0
HD,CCCCCCCCCCCCCCCC(O)=O,N,7.4,0.0
KQ,CCCCCCCCCCCCCCCC(O)=O,N,7.4,0.0
RT,CCCCCCCCCCCCCCCC(O)=O,N,7.4,0.0
SK,CCCCCCCCCCCCCCCC(O)=O,N,7.4,0.0
TE,CCCCCCCCCCCCCCCC(O)=O,N,7.4,0.0
EI,CCCCCCCCCCCCCCCC(O)=O,N,7.4,0.0
KR,CCCCCCCCCCCCCCCC(O)=O,N,7.4,0.0
DK,CCCCCCCCCCCCCCCC(O)=O,N,7.4,0.0
RK,CCCCCCCCCCCCCCCC(O)=O,N,7.4,0.0
GET,CCCCCCCCCCCCCCCC(O)=O,N,7.4,0.0
MDQ,CCCCCCCCCCCCCCCC(O)=O,N,7.4,0.0
RHS,CCCCCCCCCCCCCCCC(O)=O,N,7.4,0.0
RPG,CCCCCCCCCCCCCCCC(O)=O,N,7.4,0.0
HRH,CCCCCCCCCCCCCCCC(O)=O,N,7.4,0.0
MQD,CCCCCCCCCCCCCCCC(O)=O,N,7.4,0.0
QDD,CCCCCCCCCCCCCCCC(O)=O,N,7.4,0.0
HRY,CCCCCCCCCCCCCCCC(O)=O,N,7.4,0.0
DDC,CCCCCCCCCCCCCCCC(O)=O,N,7.4,0.0
PAE,CCCCCCCCCCCCCCCC(O)=O,N,7.4,0.0
SNK,CCCCCCCCCCCCCCCC(O)=O,N,7.4,0.0
HQE,CCCCCCCCCCCCCCCC(O)=O,N,7.4,0.0
DGQ,CCCCCCCCCCCCCCCC(O)=O,N,7.4,0.0
VAK,CCCCCCCCCCCCCCCC(O)=O,N,7.4,0.0
NRK,CCCCCCCCCCCCCCCC(O)=O,N,7.4,0.0
NKM,CCCCCCCCCCCCCCCC(O)=O,N,7.4,0.0
PKA,CCCCCCCCCCCCCCCC(O)=O,N,7.4,0.0
ESA,CCCCCCCCCCCCCCCC(O)=O,N,7.4,0.0
DHM,CCCCCCCCCCCCCCCC(O)=O,N,7.4,0.0
NKE,CCCCCCCCCCCCCCCC(O)=O,N,7.4,0.0
GYK,CCCCCCCCCCCCCCCC(O)=O,N,7.4,0.0
DVS,CCCCCCCCCCCCCCCC(O)=O,N,7.4,0.0
KEG,CCCCCCCCCCCCCCCC(O)=O,N,7.4,0.0
KKG,CCCCCCCCCCCCCCCC(O)=O,N,7.4,0.0
LER,CCCCCCCCCCCCCCCC(O)=O,N,7.4,0.0
EGE,CCCCCCCCCCCCCCCC(O)=O,N,7.4,0.0
RLD,CCCCCCCCCCCCCCCC(O)=O,N,7.4,0.0
IDQ,CCCCCCCCCCCCCCCC(O)=O,N,7.4,0.0
CEN,CCCCCCCCCCCCCCCC(O)=O,N,7.4,0.0
LCR,CCCCCCCCCCCCCCCC(O)=O,N,7.4,0.0
VPE,CCCCCCCCCCCCCCCC(O)=O,N,7.4,0.0
VCR,CCCCCCCCCCCCCCCC(O)=O,N,7.4,0.0
CEA,CCCCCCCCCCCCCCCC(O)=O,N,7.4,0.0
LRD,CCCCCCCCCCCCCCCC(O)=O,N,7.4,0.0
KIN,CCCCCCCCCCCCCCCC(O)=O,N,7.4,0.0
HRQ,CCCCCCCCCCCCCCCC(O)=O,N,7.4,0.0
GMD,CCCCCCCCCCCCCCCC(O)=O,N,7.4,0.0
RHM,CCCCCCCCCCCCCCCC(O)=O,N,7.4,0.0
SGD,CCCCCCCCCCCCCCCC(O)=O,N,7.4,0.0
DTF,CCCCCCCCCCCCCCCC(O)=O,N,7.4,0.0
GQK,CCCCCCCCCCCCCCCC(O)=O,N,7.4,0.0
ACR,CCCCCCCCCCCCCCCC(O)=O,N,7.4,0.0
CHE,CCCCCCCCCCCCCCCC(O)=O,N,7.4,0.0
DHG,CCCCCCCCCCCCCCCC(O)=O,N,7.4,0.0
KGH,CCCCCCCCCCCCCCCC(O)=O,N,7.4,0.0
QVD,CCCCCCCCCCCCCCCC(O)=O,N,7.4,0.0
KSN,CCCCCCCCCCCCCCCC(O)=O,N,7.4,0.0
TVD,CCCCCCCCCCCCCCCC(O)=O,N,7.4,0.0
AEN,CCCCCCCCCCCCCCCC(O)=O,N,7.4,0.0
KTG,CCCCCCCCCCCCCCCC(O)=O,N,7.4,0.0
RRV,CCCCCCCCCCCCCCCC(O)=O,N,7.4,0.0
SRQ,CCCCCCCCCCCCCCCC(O)=O,N,7.4,0.0
RKS,CCCCCCCCCCCCCCCC(O)=O,N,7.4,0.0
DNN,CCCCCCCCCCCCCCCC(O)=O,N,7.4,0.0
SKQ,CCCCCCCCCCCCCCCC(O)=O,N,7.4,0.0
RIM,CCCCCCCCCCCCCCCC(O)=O,N,7.4,0.0
RTV,CCCCCCCCCCCCCCCC(O)=O,N,7.4,0.0
KDY,CCCCCCCCCCCCCCCC(O)=O,N,7.4,0.0
KHG,CCCCCCCCCCCCCCCC(O)=O,N,7.4,0.0
KHI,CCCCCCCCCCCCCCCC(O)=O,N,7.4,0.0
GDC,CCCCCCCCCCCCCCCC(O)=O,N,7.4,0.0
QEV,CCCCCCCCCCCCCCCC(O)=O,N,7.4,0.0
FVR,CCCCCCCCCCCCCCCC(O)=O,N,7.4,0.0
RAG,CCCCCCCCCCCCCCCC(O)=O,N,7.4,0.0
GDA,CCCCCCCCCCCCCCCC(O)=O,N,7.4,0.0
RVH,CCCCCCCCCCCCCCCC(O)=O,N,7.4,0.0
DDR,CCCCCCCCCCCCCCCC(O)=O,N,7.4,0.0
HQD,CCCCCCCCCCCCCCCC(O)=O,N,7.4,0.0
LAR,CCCCCCCCCCCCCCCC(O)=O,N,7.4,0.0
ECT,CCCCCCCCCCCCCCCC(O)=O,N,7.4,0.0
HKQ,CCCCCCCCCCCCCCCC(O)=O,N,7.4,0.0
GES,CCCCCCCCCCCCCCCC(O)=O,N,7.4,0.0
EFA,CCCCCCCCCCCCCCCC(O)=O,N,7.4,0.0
ELQ,CCCCCCCCCCCCCCCC(O)=O,N,7.4,0.0
QEP,CCCCCCCCCCCCCCCC(O)=O,N,7.4,0.0
DQT,CCCCCCCCCCCCCCCC(O)=O,N,7.4,0.0
DRH,CCCCCCCCCCCCCCCC(O)=O,N,7.4,0.0
NKC,CCCCCCCCCCCCCCCC(O)=O,N,7.4,0.0
TTD,CCCCCCCCCCCCCCCC(O)=O,N,7.4,0.0
KAH,CCCCCCCCCCCCCCCC(O)=O,N,7.4,0.0
MEA,CCCCCCCCCCCCCCCC(O)=O,N,7.4,0.0
RLN,CCCCCCCCCCCCCCCC(O)=O,N,7.4,0.0
SLD,CCCCCCCCCCCCCCCC(O)=O,N,7.4,0.0
QDF,CCCCCCCCCCCCCCCC(O)=O,N,7.4,0.0
CGD,CCCCCCCCCCCCCCCC(O)=O,N,7.4,0.0
IKN,CCCCCCCCCCCCCCCC(O)=O,N,7.4,0.0
GRD,CCCCCCCCCCCCCCCC(O)=O,N,7.4,0.0
NKT,CCCCCCCCCCCCCCCC(O)=O,N,7.4,0.0
RMI,CCCCCCCCCCCCCCCC(O)=O,N,7.4,0.0
DGS,CCCCCCCCCCCCCCCC(O)=O,N,7.4,0.0
QHD,CCCCCCCCCCCCCCCC(O)=O,N,7.4,0.0
FHE,CCCCCCCCCCCCCCCC(O)=O,N,7.4,0.0
CQK,CCCCCCCCCCCCCCCC(O)=O,N,7.4,0.0
KCQ,CCCCCCCCCCCCCCCC(O)=O,N,7.4,0.0
IKQ,CCCCCCCCCCCCCCCC(O)=O,N,7.4,0.0
KNL,CCCCCCCCCCCCCCCC(O)=O,N,7.4,0.0
NHE,CCCCCCCCCCCCCCCC(O)=O,N,7.4,0.0
APR,CCCCCCCCCCCCCCCC(O)=O,N,7.4,0.0
QKL,CCCCCCCCCCCCCCCC(O)=O,N,7.4,0.0
MCD,CCCCCCCCCCCCCCCC(O)=O,N,7.4,0.0
TPD,CCCCCCCCCCCCCCCC(O)=O,N,7.4,0.0
ADY,CCCCCCCCCCCCCCCC(O)=O,N,7.4,0.0
HNK,CCCCCCCCCCCCCCCC(O)=O,N,7.4,0.0
NTR,CCCCCCCCCCCCCCCC(O)=O,N,7.4,0.0
PRG,CCCCCCCCCCCCCCCC(O)=O,N,7.4,0.0
CDM,CCCCCCCCCCCCCCCC(O)=O,N,7.4,0.0
ECV,CCCCCCCCCCCCCCCC(O)=O,N,7.4,0.0
PPD,CCCCCCCCCCCCCCCC(O)=O,N,7.4,0.0
RPA,CCCCCCCCCCCCCCCC(O)=O,N,7.4,0.0
TTK,CCCCCCCCCCCCCCCC(O)=O,N,7.4,0.0
FDQ,CCCCCCCCCCCCCCCC(O)=O,N,7.4,0.0
EDK,CCCCCCCCCCCCCCCC(O)=O,N,7.4,0.0
PND,CCCCCCCCCCCCCCCC(O)=O,N,7.4,0.0
GTK,CCCCCCCCCCCCCCCC(O)=O,N,7.4,0.0
LKN,CCCCCCCCCCCCCCCC(O)=O,N,7.4,0.0
GHK,CCCCCCCCCCCCCCCC(O)=O,N,7.4,0.0
NEA,CCCCCCCCCCCCCCCC(O)=O,N,7.4,0.0
RLK,CCCCCCCCCCCCCCCC(O)=O,N,7.4,0.0
SEM,CCCCCCCCCCCCCCCC(O)=O,N,7.4,0.0
RRC,CCCCCCCCCCCCCCCC(O)=O,N,7.4,0.0
EIN,CCCCCCCCCCCCCCCC(O)=O,N,7.4,0.0
QFE,CCCCCCCCCCCCCCCC(O)=O,N,7.4,0.0
AKG,CCCCCCCCCCCCCCCC(O)=O,N,7.4,0.0
KQG,CCCCCCCCCCCCCCCC(O)=O,N,7.4,0.0
VVR,CCCCCCCCCCCCCCCC(O)=O,N,7.4,0.0
VDQ,CCCCCCCCCCCCCCCC(O)=O,N,7.4,0.0
DQA,CCCCCCCCCCCCCCCC(O)=O,N,7.4,0.0
LDG,CCCCCCCCCCCCCCCC(O)=O,N,7.4,0.0
CDE,CCCCCCCCCCCCCCCC(O)=O,N,7.4,0.0
NEN,CCCCCCCCCCCCCCCC(O)=O,N,7.4,0.0
SRE,CCCCCCCCCCCCCCCC(O)=O,N,7.4,0.0
TEY,CCCCCCCCCCCCCCCC(O)=O,N,7.4,0.0
DMK,CCCCCCCCCCCCCCCC(O)=O,N,7.4,0.0
QWE,CCCCCCCCCCCCCCCC(O)=O,N,7.4,0.0
AQE,CCCCCCCCCCCCCCCC(O)=O,N,7.4,0.0
END,CCCCCCCCCCCCCCCC(O)=O,N,7.4,0.0
ESE,CCCCCCCCCCCCCCCC(O)=O,N,7.4,0.0
QKE,CCCCCCCCCCCCCCCC(O)=O,N,7.4,0.0
IVEN,CCCCCCCCCCCCCCCC(O)=O,N,7.4,0.0
DCWH,CCCCCCCCCCCCCCCC(O)=O,N,7.4,0.0
PDQH,CCCCCCCCCCCCCCCC(O)=O,N,7.4,0.0
DFAC,CCCCCCCCCCCCCCCC(O)=O,N,7.4,0.0
GRAV,CCCCCCCCCCCCCCCC(O)=O,N,7.4,0.0
MECT,CCCCCCCCCCCCCCCC(O)=O,N,7.4,0.0
ERRD,CCCCCCCCCCCCCCCC(O)=O,N,7.4,0.0
ESVA,CCCCCCCCCCCCCCCC(O)=O,N,7.4,0.0
RARG,CCCCCCCCCCCCCCCC(O)=O,N,7.4,0.0
AAPK,CCCCCCCCCCCCCCCC(O)=O,N,7.4,0.0
RSHM,CCCCCCCCCCCCCCCC(O)=O,N,7.4,0.0
RDGM,CCCCCCCCCCCCCCCC(O)=O,N,7.4,0.0
MDVN,CCCCCCCCCCCCCCCC(O)=O,N,7.4,0.0
CKNS,CCCCCCCCCCCCCCCC(O)=O,N,7.4,0.0
LEHA,CCCCCCCCCCCCCCCC(O)=O,N,7.4,0.0
QEIS,CCCCCCCCCCCCCCCC(O)=O,N,7.4,0.0
QKIC,CCCCCCCCCCCCCCCC(O)=O,N,7.4,0.0
GFKS,CCCCCCCCCCCCCCCC(O)=O,N,7.4,0.0
GERF,CCCCCCCCCCCCCCCC(O)=O,N,7.4,0.0
SVNR,CCCCCCCCCCCCCCCC(O)=O,N,7.4,0.0
GDCT,CCCCCCCCCCCCCCCC(O)=O,N,7.4,0.0
GLDI,CCCCCCCCCCCCCCCC(O)=O,N,7.4,0.0
EVNN,CCCCCCCCCCCCCCCC(O)=O,N,7.4,0.0
HPDS,CCCCCCCCCCCCCCCC(O)=O,N,7.4,0.0
KEGQ,CCCCCCCCCCCCCCCC(O)=O,N,7.4,0.0
KMEN,CCCCCCCCCCCCCCCC(O)=O,N,7.4,0.0
GKEV,CCCCCCCCCCCCCCCC(O)=O,N,7.4,0.0
RCHQ,CCCCCCCCCCCCCCCC(O)=O,N,7.4,0.0
PHNK,CCCCCCCCCCCCCCCC(O)=O,N,7.4,0.0
DAGI,CCCCCCCCCCCCCCCC(O)=O,N,7.4,0.0
GGND,CCCCCCCCCCCCCCCC(O)=O,N,7.4,0.0
DWSC,CCCCCCCCCCCCCCCC(O)=O,N,7.4,0.0
ECAV,CCCCCCCCCCCCCCCC(O)=O,N,7.4,0.0
NHCE,CCCCCCCCCCCCCCCC(O)=O,N,7.4,0.0
CRKN,CCCCCCCCCCCCCCCC(O)=O,N,7.4,0.0
PHDQ,CCCCCCCCCCCCCCCC(O)=O,N,7.4,0.0
NTKQ,CCCCCCCCCCCCCCCC(O)=O,N,7.4,0.0
IGGD,CCCCCCCCCCCCCCCC(O)=O,N,7.4,0.0
EMTS,CCCCCCCCCCCCCCCC(O)=O,N,7.4,0.0
MRCC,CCCCCCCCCCCCCCCC(O)=O,N,7.4,0.0
THNE,CCCCCCCCCCCCCCCC(O)=O,N,7.4,0.0
IEMN,CCCCCCCCCCCCCCCC(O)=O,N,7.4,0.0
RHMC,CCCCCCCCCCCCCCCC(O)=O,N,7.4,0.0
GSRY,CCCCCCCCCCCCCCCC(O)=O,N,7.4,0.0
QKCH,CCCCCCCCCCCCCCCC(O)=O,N,7.4,0.0
IDVN,CCCCCCCCCCCCCCCC(O)=O,N,7.4,0.0
LMDE,CCCCCCCCCCCCCCCC(O)=O,N,7.4,0.0
KFNN,CCCCCCCCCCCCCCCC(O)=O,N,7.4,0.0
NLEM,CCCCCCCCCCCCCCCC(O)=O,N,7.4,0.0
SAQR,CCCCCCCCCCCCCCCC(O)=O,N,7.4,0.0
IEGT,CCCCCCCCCCCCCCCC(O)=O,N,7.4,0.0
SENY,CCCCCCCCCCCCCCCC(O)=O,N,7.4,0.0
SNKL,CCCCCCCCCCCCCCCC(O)=O,N,7.4,0.0
THRD,CCCCCCCCCCCCCCCC(O)=O,N,7.4,0.0
GRHN,CCCCCCCCCCCCCCCC(O)=O,N,7.4,0.0
QFKT,CCCCCCCCCCCCCCCC(O)=O,N,7.4,0.0
ESGN,CCCCCCCCCCCCCCCC(O)=O,N,7.4,0.0
QKST,CCCCCCCCCCCCCCCC(O)=O,N,7.4,0.0
AHWK,CCCCCCCCCCCCCCCC(O)=O,N,7.4,0.0
YSEA,CCCCCCCCCCCCCCCC(O)=O,N,7.4,0.0
HGSK,CCCCCCCCCCCCCCCC(O)=O,N,7.4,0.0
RAAI,CCCCCCCCCCCCCCCC(O)=O,N,7.4,0.0
MKNA,CCCCCCCCCCCCCCCC(O)=O,N,7.4,0.0
PMGK,CCCCCCCCCCCCCCCC(O)=O,N,7.4,0.0
MGFD,CCCCCCCCCCCCCCCC(O)=O,N,7.4,0.0
QSTR,CCCCCCCCCCCCCCCC(O)=O,N,7.4,0.0
GEVD,CCCCCCCCCCCCCCCC(O)=O,N,7.4,0.0
NVLR,CCCCCCCCCCCCCCCC(O)=O,N,7.4,0.0
AHEC,CCCCCCCCCCCCCCCC(O)=O,N,7.4,0.0
GLQR,CCCCCCCCCCCCCCCC(O)=O,N,7.4,0.0
HKFW,CCCCCCCCCCCCCCCC(O)=O,N,7.4,0.0
CDTQ,CCCCCCCCCCCCCCCC(O)=O,N,7.4,0.0
LDNM,CCCCCCCCCCCCCCCC(O)=O,N,7.4,0.0
IKRG,CCCCCCCCCCCCCCCC(O)=O,N,7.4,0.0
RRSC,CCCCCCCCCCCCCCCC(O)=O,N,7.4,0.0
SDQV,CCCCCCCCCCCCCCCC(O)=O,N,7.4,0.0
KNCM,CCCCCCCCCCCCCCCC(O)=O,N,7.4,0.0
NPIR,CCCCCCCCCCCCCCCC(O)=O,N,7.4,0.0
DMVS,CCCCCCCCCCCCCCCC(O)=O,N,7.4,0.0
QGEL,CCCCCCCCCCCCCCCC(O)=O,N,7.4,0.0
ETQL,CCCCCCCCCCCCCCCC(O)=O,N,7.4,0.0
NKNF,CCCCCCCCCCCCCCCC(O)=O,N,7.4,0.0
RDEN,CCCCCCCCCCCCCCCC(O)=O,N,7.4,0.0
RNNW,CCCCCCCCCCCCCCCC(O)=O,N,7.4,0.0
SAEL,CCCCCCCCCCCCCCCC(O)=O,N,7.4,0.0
EHSG,CCCCCCCCCCCCCCCC(O)=O,N,7.4,0.0
APEQ,CCCCCCCCCCCCCCCC(O)=O,N,7.4,0.0
VVVR,CCCCCCCCCCCCCCCC(O)=O,N,7.4,0.0
WTQK,CCCCCCCCCCCCCCCC(O)=O,N,7.4,0.0
GEGN,CCCCCCCCCCCCCCCC(O)=O,N,7.4,0.0
AGDD,CCCCCCCCCCCCCCCC(O)=O,N,7.4,0.0
IEGN,CCCCCCCCCCCCCCCC(O)=O,N,7.4,0.0
SAAD,CCCCCCCCCCCCCCCC(O)=O,N,7.4,0.0
CHKK,CCCCCCCCCCCCCCCC(O)=O,N,7.4,0.0
SHDP,CCCCCCCCCCCCCCCC(O)=O,N,7.4,0.0
WGRG,CCCCCCCCCCCCCCCC(O)=O,N,7.4,0.0
QNND,CCCCCCCCCCCCCCCC(O)=O,N,7.4,0.0
CEVG,CCCCCCCCCCCCCCCC(O)=O,N,7.4,0.0
MREA,CCCCCCCCCCCCCCCC(O)=O,N,7.4,0.0
CHKA,CCCCCCCCCCCCCCCC(O)=O,N,7.4,0.0
TGKT,CCCCCCCCCCCCCCCC(O)=O,N,7.4,0.0
MMQR,CCCCCCCCCCCCCCCC(O)=O,N,7.4,0.0
DSNW,CCCCCCCCCCCCCCCC(O)=O,N,7.4,0.0
ECRR,CCCCCCCCCCCCCCCC(O)=O,N,7.4,0.0
DTGE,CCCCCCCCCCCCCCCC(O)=O,N,7.4,0.0
RRCF,CCCCCCCCCCCCCCCC(O)=O,N,7.4,0.0
IRQH,CCCCCCCCCCCCCCCC(O)=O,N,7.4,0.0
TAQR,CCCCCCCCCCCCCCCC(O)=O,N,7.4,0.0
MRIK,CCCCCCCCCCCCCCCC(O)=O,N,7.4,0.0
RCYW,CCCCCCCCCCCCCCCC(O)=O,N,7.4,0.0
WTKY,CCCCCCCCCCCCCCCC(O)=O,N,7.4,0.0
PEQT,CCCCCCCCCCCCCCCC(O)=O,N,7.4,0.0
CPKN,CCCCCCCCCCCCCCCC(O)=O,N,7.4,0.0
CKAA,CCCCCCCCCCCCCCCC(O)=O,N,7.4,0.0
HELQ,CCCCCCCCCCCCCCCC(O)=O,N,7.4,0.0
AQKP,CCCCCCCCCCCCCCCC(O)=O,N,7.4,0.0
VRHC,CCCCCCCCCCCCCCCC(O)=O,N,7.4,0.0
VDAS,CCCCCCCCCCCCCCCC(O)=O,N,7.4,0.0
DNSHQ,CCCCCCCCCCCCCCCC(O)=O,N,7.4,0.0
HATKG,CCCCCCCCCCCCCCCC(O)=O,N,7.4,0.0
TMRYS,CCCCCCCCCCCCCCCC(O)=O,N,7.4,0.0
ADAST,CCCCCCCCCCCCCCCC(O)=O,N,7.4,0.0
KWHPQ,CCCCCCCCCCCCCCCC(O)=O,N,7.4,0.0
NALYK,CCCCCCCCCCCCCCCC(O)=O,N,7.4,0.0
QNDTG,CCCCCCCCCCCCCCCC(O)=O,N,7.4,0.0
QEFGT,CCCCCCCCCCCCCCCC(O)=O,N,7.4,0.0
QSCKH,CCCCCCCCCCCCCCCC(O)=O,N,7.4,0.0
MSRRF,CCCCCCCCCCCCCCCC(O)=O,N,7.4,0.0
GVKYC,CCCCCCCCCCCCCCCC(O)=O,N,7.4,0.0
ANNAD,CCCCCCCCCCCCCCCC(O)=O,N,7.4,0.0
GKWGG,CCCCCCCCCCCCCCCC(O)=O,N,7.4,0.0
GGCHD,CCCCCCCCCCCCCCCC(O)=O,N,7.4,0.0
VIHIR,CCCCCCCCCCCCCCCC(O)=O,N,7.4,0.0
EMMQE,CCCCCCCCCCCCCCCC(O)=O,N,7.4,0.0
DCGDP,CCCCCCCCCCCCCCCC(O)=O,N,7.4,0.0
GRPRE,CCCCCCCCCCCCCCCC(O)=O,N,7.4,0.0
SECQT,CCCCCCCCCCCCCCCC(O)=O,N,7.4,0.0
QYELG,CCCCCCCCCCCCCCCC(O)=O,N,7.4,0.0
HNDNH,CCCCCCCCCCCCCCCC(O)=O,N,7.4,0.0
QYNHK,CCCCCCCCCCCCCCCC(O)=O,N,7.4,0.0
IGCMR,CCCCCCCCCCCCCCCC(O)=O,N,7.4,0.0
NQTWK,CCCCCCCCCCCCCCCC(O)=O,N,7.4,0.0
SWCYE,CCCCCCCCCCCCCCCC(O)=O,N,7.4,0.0
AMFKH,CCCCCCCCCCCCCCCC(O)=O,N,7.4,0.0
EQHPR,CCCCCCCCCCCCCCCC(O)=O,N,7.4,0.0
NRMIS,CCCCCCCCCCCCCCCC(O)=O,N,7.4,0.0
EFSTV,CCCCCCCCCCCCCCCC(O)=O,N,7.4,0.0
DYHNY,CCCCCCCCCCCCCCCC(O)=O,N,7.4,0.0
GGEQA,CCCCCCCCCCCCCCCC(O)=O,N,7.4,0.0
VQDHN,CCCCCCCCCCCCCCCC(O)=O,N,7.4,0.0
CSRGN,CCCCCCCCCCCCCCCC(O)=O,N,7.4,0.0
KVNCN,CCCCCCCCCCCCCCCC(O)=O,N,7.4,0.0
CMLME,CCCCCCCCCCCCCCCC(O)=O,N,7.4,0.0
ERIQM,CCCCCCCCCCCCCCCC(O)=O,N,7.4,0.0
TRNQK,CCCCCCCCCCCCCCCC(O)=O,N,7.4,0.0
GDHMA,CCCCCCCCCCCCCCCC(O)=O,N,7.4,0.0
AAYPE,CCCCCCCCCCCCCCCC(O)=O,N,7.4,0.0
DDMIH,CCCCCCCCCCCCCCCC(O)=O,N,7.4,0.0
IHDDS,CCCCCCCCCCCCCCCC(O)=O,N,7.4,0.0
HDCLQ,CCCCCCCCCCCCCCCC(O)=O,N,7.4,0.0
WKQMN,CCCCCCCCCCCCCCCC(O)=O,N,7.4,0.0
NHSID,CCCCCCCCCCCCCCCC(O)=O,N,7.4,0.0
LGTNR,CCCCCCCCCCCCCCCC(O)=O,N,7.4,0.0
PKQNR,CCCCCCCCCCCCCCCC(O)=O,N,7.4,0.0
MTCNE,CCCCCCCCCCCCCCCC(O)=O,N,7.4,0.0
MHGDG,CCCCCCCCCCCCCCCC(O)=O,N,7.4,0.0
HNYRN,CCCCCCCCCCCCCCCC(O)=O,N,7.4,0.0
KSNFG,CCCCCCCCCCCCCCCC(O)=O,N,7.4,0.0
EDRHE,CCCCCCCCCCCCCCCC(O)=O,N,7.4,0.0
AAHYR,CCCCCCCCCCCCCCCC(O)=O,N,7.4,0.0
STTRI,CCCCCCCCCCCCCCCC(O)=O,N,7.4,0.0
QWYKI,CCCCCCCCCCCCCCCC(O)=O,N,7.4,0.0
DSLND,CCCCCCCCCCCCCCCC(O)=O,N,7.4,0.0
RMRSV,CCCCCCCCCCCCCCCC(O)=O,N,7.4,0.0
SNFEQ,CCCCCCCCCCCCCCCC(O)=O,N,7.4,0.0
VNRRN,CCCCCCCCCCCCCCCC(O)=O,N,7.4,0.0
WNHDC,CCCCCCCCCCCCCCCC(O)=O,N,7.4,0.0
IWINR,CCCCCCCCCCCCCCCC(O)=O,N,7.4,0.0
VRSHP,CCCCCCCCCCCCCCCC(O)=O,N,7.4,0.0
ECANA,CCCCCCCCCCCCCCCC(O)=O,N,7.4,0.0
GPNDC,CCCCCCCCCCCCCCCC(O)=O,N,7.4,0.0
DNSHT,CCCCCCCCCCCCCCCC(O)=O,N,7.4,0.0
ERAKR,CCCCCCCCCCCCCCCC(O)=O,N,7.4,0.0
DYYRC,CCCCCCCCCCCCCCCC(O)=O,N,7.4,0.0
KAMNQ,CCCCCCCCCCCCCCCC(O)=O,N,7.4,0.0
SWNEI,CCCCCCCCCCCCCCCC(O)=O,N,7.4,0.0
MKMHI,CCCCCCCCCCCCCCCC(O)=O,N,7.4,0.0
GRHSP,CCCCCCCCCCCCCCCC(O)=O,N,7.4,0.0
KLKTT,CCCCCCCCCCCCCCCC(O)=O,N,7.4,0.0
KIHAC,CCCCCCCCCCCCCCCC(O)=O,N,7.4,0.0
AIDVH,CCCCCCCCCCCCCCCC(O)=O,N,7.4,0.0
TWDKH,CCCCCCCCCCCCCCCC(O)=O,N,7.4,0.0
GRSQQ,CCCCCCCCCCCCCCCC(O)=O,N,7.4,0.0
HINRM,CCCCCCCCCCCCCCCC(O)=O,N,7.4,0.0
VKKMA,CCCCCCCCCCCCCCCC(O)=O,N,7.4,0.0
SDRHK,CCCCCCCCCCCCCCCC(O)=O,N,7.4,0.0
RGNNF,CCCCCCCCCCCCCCCC(O)=O,N,7.4,0.0
QDKMT,CCCCCCCCCCCCCCCC(O)=O,N,7.4,0.0
RIKDF,CCCCCCCCCCCCCCCC(O)=O,N,7.4,0.0
NCWWK,CCCCCCCCCCCCCCCC(O)=O,N,7.4,0.0
KNNRD,CCCCCCCCCCCCCCCC(O)=O,N,7.4,0.0
EDPDE,CCCCCCCCCCCCCCCC(O)=O,N,7.4,0.0
NKSVR,CCCCCCCCCCCCCCCC(O)=O,N,7.4,0.0
KSQPC,CCCCCCCCCCCCCCCC(O)=O,N,7.4,0.0
TEMFG,CCCCCCCCCCCCCCCC(O)=O,N,7.4,0.0
GRLNK,CCCCCCCCCCCCCCCC(O)=O,N,7.4,0.0
GTLPD,CCCCCCCCCCCCCCCC(O)=O,N,7.4,0.0
REAEE,CCCCCCCCCCCCCCCC(O)=O,N,7.4,0.0
CSCKT,CCCCCCCCCCCCCCCC(O)=O,N,7.4,0.0
IIDWM,CCCCCCCCCCCCCCCC(O)=O,N,7.4,0.0
DHPHG,CCCCCCCCCCCCCCCC(O)=O,N,7.4,0.0
NQQKM,CCCCCCCCCCCCCCCC(O)=O,N,7.4,0.0
GVKTG,CCCCCCCCCCCCCCCC(O)=O,N,7.4,0.0
NHVEI,CCCCCCCCCCCCCCCC(O)=O,N,7.4,0.0
QIHGR,CCCCCCCCCCCCCCCC(O)=O,N,7.4,0.0
CDSGA,CCCCCCCCCCCCCCCC(O)=O,N,7.4,0.0
LRDEN,CCCCCCCCCCCCCCCC(O)=O,N,7.4,0.0
HCWRM,CCCCCCCCCCCCCCCC(O)=O,N,7.4,0.0
TTNVD,CCCCCCCCCCCCCCCC(O)=O,N,7.4,0.0
DHTAA,CCCCCCCCCCCCCCCC(O)=O,N,7.4,0.0
REPAD,CCCCCCCCCCCCCCCC(O)=O,N,7.4,0.0
LRGWH,CCCCCCCCCCCCCCCC(O)=O,N,7.4,0.0
HKTDE,CCCCCCCCCCCCCCCC(O)=O,N,7.4,0.0
MTDAHS,CCCCCCCCCCCCCCCC(O)=O,N,7.4,0.0
CRNVDK,CCCCCCCCCCCCCCCC(O)=O,N,7.4,0.0
DNISTN,CCCCCCCCCCCCCCCC(O)=O,N,7.4,0.0
WNINPE,CCCCCCCCCCCCCCCC(O)=O,N,7.4,0.0
SQFRNC,CCCCCCCCCCCCCCCC(O)=O,N,7.4,0.0
EMAQIC,CCCCCCCCCCCCCCCC(O)=O,N,7.4,0.0
MGQRIE,CCCCCCCCCCCCCCCC(O)=O,N,7.4,0.0
QIHDCL,CCCCCCCCCCCCCCCC(O)=O,N,7.4,0.0
TRGWCN,CCCCCCCCCCCCCCCC(O)=O,N,7.4,0.0
ARLGHC,CCCCCCCCCCCCCCCC(O)=O,N,7.4,0.0
CSQELE,CCCCCCCCCCCCCCCC(O)=O,N,7.4,0.0
IMQFRQ,CCCCCCCCCCCCCCCC(O)=O,N,7.4,0.0
YASSMR,CCCCCCCCCCCCCCCC(O)=O,N,7.4,0.0
CQDCLM,CCCCCCCCCCCCCCCC(O)=O,N,7.4,0.0
TCSPRW,CCCCCCCCCCCCCCCC(O)=O,N,7.4,0.0
DCHRLT,CCCCCCCCCCCCCCCC(O)=O,N,7.4,0.0
CSTGVD,CCCCCCCCCCCCCCCC(O)=O,N,7.4,0.0
MGEVQN,CCCCCCCCCCCCCCCC(O)=O,N,7.4,0.0
DGNCTA,CCCCCCCCCCCCCCCC(O)=O,N,7.4,0.0
DFNHWT,CCCCCCCCCCCCCCCC(O)=O,N,7.4,0.0
SEQMET,CCCCCCCCCCCCCCCC(O)=O,N,7.4,0.0
EYPTYF,CCCCCCCCCCCCCCCC(O)=O,N,7.4,0.0
HEYTNF,CCCCCCCCCCCCCCCC(O)=O,N,7.4,0.0
RQCSGY,CCCCCCCCCCCCCCCC(O)=O,N,7.4,0.0
RTNAHP,CCCCCCCCCCCCCCCC(O)=O,N,7.4,0.0
NYCSDM,CCCCCCCCCCCCCCCC(O)=O,N,7.4,0.0
HWNVPK,CCCCCCCCCCCCCCCC(O)=O,N,7.4,0.0
GNNLWD,CCCCCCCCCCCCCCCC(O)=O,N,7.4,0.0
CGDGDK,CCCCCCCCCCCCCCCC(O)=O,N,7.4,0.0
SDVYQA,CCCCCCCCCCCCCCCC(O)=O,N,7.4,0.0
DCSGFQ,CCCCCCCCCCCCCCCC(O)=O,N,7.4,0.0
RQQGTF,CCCCCCCCCCCCCCCC(O)=O,N,7.4,0.0
CNTPRD,CCCCCCCCCCCCCCCC(O)=O,N,7.4,0.0
EKRPNC,CCCCCCCCCCCCCCCC(O)=O,N,7.4,0.0
KHNNQF,CCCCCCCCCCCCCCCC(O)=O,N,7.4,0.0
PRHTIN,CCCCCCCCCCCCCCCC(O)=O,N,7.4,0.0
GKARTS,CCCCCCCCCCCCCCCC(O)=O,N,7.4,0.0
EKGNSF,CCCCCCCCCCCCCCCC(O)=O,N,7.4,0.0
RVEFED,CCCCCCCCCCCCCCCC(O)=O,N,7.4,0.0
TVSIEP,CCCCCCCCCCCCCCCC(O)=O,N,7.4,0.0
SMVTVD,CCCCCCCCCCCCCCCC(O)=O,N,7.4,0.0
IDRDCD,CCCCCCCCCCCCCCCC(O)=O,N,7.4,0.0
RPDWTP,CCCCCCCCCCCCCCCC(O)=O,N,7.4,0.0
EMQHAL,CCCCCCCCCCCCCCCC(O)=O,N,7.4,0.0
ASSDDV,CCCCCCCCCCCCCCCC(O)=O,N,7.4,0.0
GVEECV,CCCCCCCCCCCCCCCC(O)=O,N,7.4,0.0
NHNVEE,CCCCCCCCCCCCCCCC(O)=O,N,7.4,0.0
ESPKMH,CCCCCCCCCCCCCCCC(O)=O,N,7.4,0.0
YESIST,CCCCCCCCCCCCCCCC(O)=O,N,7.4,0.0
QPKDMC,CCCCCCCCCCCCCCCC(O)=O,N,7.4,0.0
NECGCQ,CCCCCCCCCCCCCCCC(O)=O,N,7.4,0.0
DPDRDC,CCCCCCCCCCCCCCCC(O)=O,N,7.4,0.0
HQREWT,CCCCCCCCCCCCCCCC(O)=O,N,7.4,0.0
KFSQLH,CCCCCCCCCCCCCCCC(O)=O,N,7.4,0.0
DCDGML,CCCCCCCCCCCCCCCC(O)=O,N,7.4,0.0
LHSEHT,CCCCCCCCCCCCCCCC(O)=O,N,7.4,0.0
TTTEMV,CCCCCCCCCCCCCCCC(O)=O,N,7.4,0.0
SSDHPG,CCCCCCCCCCCCCCCC(O)=O,N,7.4,0.0
ENYYQY,CCCCCCCCCCCCCCCC(O)=O,N,7.4,0.0
RYFQAS,CCCCCCCCCCCCCCCC(O)=O,N,7.4,0.0
CHTFEK,CCCCCCCCCCCCCCCC(O)=O,N,7.4,0.0
NSECAL,CCCCCCCCCCCCCCCC(O)=O,N,7.4,0.0
SVHGQE,CCCCCCCCCCCCCCCC(O)=O,N,7.4,0.0
RQHCGS,CCCCCCCCCCCCCCCC(O)=O,N,7.4,0.0
YRDNRL,CCCCCCCCCCCCCCCC(O)=O,N,7.4,0.0
AEEWFK,CCCCCCCCCCCCCCCC(O)=O,N,7.4,0.0
DCFHVA,CCCCCCCCCCCCCCCC(O)=O,N,7.4,0.0
VCQHRV,CCCCCCCCCCCCCCCC(O)=O,N,7.4,0.0
SEKWAW,CCCCCCCCCCCCCCCC(O)=O,N,7.4,0.0
GHKGGV,CCCCCCCCCCCCCCCC(O)=O,N,7.4,0.0
KGVDDC,CCCCCCCCCCCCCCCC(O)=O,N,7.4,0.0
NMEGRY,CCCCCCCCCCCCCCCC(O)=O,N,7.4,0.0
QVKASC,CCCCCCCCCCCCCCCC(O)=O,N,7.4,0.0
TMIMQR,CCCCCCCCCCCCCCCC(O)=O,N,7.4,0.0
KCGGCW,CCCCCCCCCCCCCCCC(O)=O,N,7.4,0.0
KWNTVV,CCCCCCCCCCCCCCCC(O)=O,N,7.4,0.0
ETHMSC,CCCCCCCCCCCCCCCC(O)=O,N,7.4,0.0
DMNACT,CCCCCCCCCCCCCCCC(O)=O,N,7.4,0.0
RRMDDR,CCCCCCCCCCCCCCCC(O)=O,N,7.4,0.0
NPEKSM,CCCCCCCCCCCCCCCC(O)=O,N,7.4,0.0
PEVNCNE,CCCCCCCCCCCCCCCC(O)=O,N,7.4,0.0
GVKQGSF,CCCCCCCCCCCCCCCC(O)=O,N,7.4,0.0
EGCFKAH,CCCCCCCCCCCCCCCC(O)=O,N,7.4,0.0
GIRRVCR,CCCCCCCCCCCCCCCC(O)=O,N,7.4,0.0
NRSPLDY,CCCCCCCCCCCCCCCC(O)=O,N,7.4,0.0
DPNINNC,CCCCCCCCCCCCCCCC(O)=O,N,7.4,0.0
QHRCWVP,CCCCCCCCCCCCCCCC(O)=O,N,7.4,0.0
AMHQDIE,CCCCCCCCCCCCCCCC(O)=O,N,7.4,0.0
VHDHQRS,CCCCCCCCCCCCCCCC(O)=O,N,7.4,0.0
DDGMTLN,CCCCCCCCCCCCCCCC(O)=O,N,7.4,0.0
MAGKRTQ,CCCCCCCCCCCCCCCC(O)=O,N,7.4,0.0
KKHKNRK,CCCCCCCCCCCCCCCC(O)=O,N,7.4,0.0
QGCWTPK,CCCCCCCCCCCCCCCC(O)=O,N,7.4,0.0
NSVYEQM,CCCCCCCCCCCCCCCC(O)=O,N,7.4,0.0
EPTTKCR,CCCCCCCCCCCCCCCC(O)=O,N,7.4,0.0
REHVWNV,CCCCCCCCCCCCCCCC(O)=O,N,7.4,0.0
RTDHIWD,CCCCCCCCCCCCCCCC(O)=O,N,7.4,0.0
NNECKNV,CCCCCCCCCCCCCCCC(O)=O,N,7.4,0.0
AHYLCEG,CCCCCCCCCCCCCCCC(O)=O,N,7.4,0.0
DDGKVCD,CCCCCCCCCCCCCCCC(O)=O,N,7.4,0.0
RGLQIWR,CCCCCCCCCCCCCCCC(O)=O,N,7.4,0.0
RLTESYN,CCCCCCCCCCCCCCCC(O)=O,N,7.4,0.0
PQDGVNM,CCCCCCCCCCCCCCCC(O)=O,N,7.4,0.0
CFGVQQE,CCCCCCCCCCCCCCCC(O)=O,N,7.4,0.0
GKGAPRG,CCCCCCCCCCCCCCCC(O)=O,N,7.4,0.0
ADISPPT,CCCCCCCCCCCCCCCC(O)=O,N,7.4,0.0
ATHICMR,CCCCCCCCCCCCCCCC(O)=O,N,7.4,0.0
RCNDWPA,CCCCCCCCCCCCCCCC(O)=O,N,7.4,0.0
REQHAVF,CCCCCCCCCCCCCCCC(O)=O,N,7.4,0.0
NIRHEPQ,CCCCCCCCCCCCCCCC(O)=O,N,7.4,0.0
KHNAGCG,CCCCCCCCCCCCCCCC(O)=O,N,7.4,0.0
CQQDYLT,CCCCCCCCCCCCCCCC(O)=O,N,7.4,0.0
THYTRAQ,CCCCCCCCCCCCCCCC(O)=O,N,7.4,0.0
GSHSPRD,CCCCCCCCCCCCCCCC(O)=O,N,7.4,0.0
EQWDSWM,CCCCCCCCCCCCCCCC(O)=O,N,7.4,0.0
FCNQQRR,CCCCCCCCCCCCCCCC(O)=O,N,7.4,0.0
RGAAHAR,CCCCCCCCCCCCCCCC(O)=O,N,7.4,0.0
KEDECQR,CCCCCCCCCCCCCCCC(O)=O,N,7.4,0.0
RQAQPSK,CCCCCCCCCCCCCCCC(O)=O,N,7.4,0.0
CRTGSRM,CCCCCCCCCCCCCCCC(O)=O,N,7.4,0.0
KVCVGHL,CCCCCCCCCCCCCCCC(O)=O,N,7.4,0.0
EYHMHTV,CCCCCCCCCCCCCCCC(O)=O,N,7.4,0.0
TADDKPE,CCCCCCCCCCCCCCCC(O)=O,N,7.4,0.0
TRINALA,CCCCCCCCCCCCCCCC(O)=O,N,7.4,0.0
TPESVRA,CCCCCCCCCCCCCCCC(O)=O,N,7.4,0.0
RPELDVQ,CCCCCCCCCCCCCCCC(O)=O,N,7.4,0.0
VERMWCK,CCCCCCCCCCCCCCCC(O)=O,N,7.4,0.0
LCDNRQG,CCCCCCCCCCCCCCCC(O)=O,N,7.4,0.0
QRTPQGG,CCCCCCCCCCCCCCCC(O)=O,N,7.4,0.0
HSAVRDM,CCCCCCCCCCCCCCCC(O)=O,N,7.4,0.0
PVHQKLS,CCCCCCCCCCCCCCCC(O)=O,N,7.4,0.0
LDWNCEK,CCCCCCCCCCCCCCCC(O)=O,N,7.4,0.0
KRQLEHG,CCCCCCCCCCCCCCCC(O)=O,N,7.4,0.0
SSKPSAE,CCCCCCCCCCCCCCCC(O)=O,N,7.4,0.0
DYAAMVA,CCCCCCCCCCCCCCCC(O)=O,N,7.4,0.0
TYSADAV,CCCCCCCCCCCCCCCC(O)=O,N,7.4,0.0
DPGQWMT,CCCCCCCCCCCCCCCC(O)=O,N,7.4,0.0
KHAEHQH,CCCCCCCCCCCCCCCC(O)=O,N,7.4,0.0
PCKCQLQ,CCCCCCCCCCCCCCCC(O)=O,N,7.4,0.0
HSMRCSY,CCCCCCCCCCCCCCCC(O)=O,N,7.4,0.0
YDAFKFR,CCCCCCCCCCCCCCCC(O)=O,N,7.4,0.0
HGHKWKQ,CCCCCCCCCCCCCCCC(O)=O,N,7.4,0.0
ISADEDN,CCCCCCCCCCCCCCCC(O)=O,N,7.4,0.0
VQGMECC,CCCCCCCCCCCCCCCC(O)=O,N,7.4,0.0
RENLSTL,CCCCCCCCCCCCCCCC(O)=O,N,7.4,0.0
GMQEQRC,CCCCCCCCCCCCCCCC(O)=O,N,7.4,0.0
DACYTDL,CCCCCCCCCCCCCCCC(O)=O,N,7.4,0.0
THKLMTQ,CCCCCCCCCCCCCCCC(O)=O,N,7.4,0.0
HNQRARE,CCCCCCCCCCCCCCCC(O)=O,N,7.4,0.0
QQNMCKP,CCCCCCCCCCCCCCCC(O)=O,N,7.4,0.0
AHNVCRG,CCCCCCCCCCCCCCCC(O)=O,N,7.4,0.0
NRCSRNR,CCCCCCCCCCCCCCCC(O)=O,N,7.4,0.0
NGAPKTS,CCCCCCCCCCCCCCCC(O)=O,N,7.4,0.0
DHSDKQC,CCCCCCCCCCCCCCCC(O)=O,N,7.4,0.0
ENNHGAP,CCCCCCCCCCCCCCCC(O)=O,N,7.4,0.0
HIEEDEE,CCCCCCCCCCCCCCCC(O)=O,N,7.4,0.0
STFSRHE,CCCCCCCCCCCCCCCC(O)=O,N,7.4,0.0
SGVQKCL,CCCCCCCCCCCCCCCC(O)=O,N,7.4,0.0
RFLCQQE,CCCCCCCCCCCCCCCC(O)=O,N,7.4,0.0
SAKCRWS,CCCCCCCCCCCCCCCC(O)=O,N,7.4,0.0
YGIWCDP,CCCCCCCCCCCCCCCC(O)=O,N,7.4,0.0
YNRDEKF,CCCCCCCCCCCCCCCC(O)=O,N,7.4,0.0
RYPHHMC,CCCCCCCCCCCCCCCC(O)=O,N,7.4,0.0
ATYENMW,CCCCCCCCCCCCCCCC(O)=O,N,7.4,0.0
RGDVKKH,CCCCCCCCCCCCCCCC(O)=O,N,7.4,0.0
KHMELVG,CCCCCCCCCCCCCCCC(O)=O,N,7.4,0.0
SHKRSPD,CCCCCCCCCCCCCCCC(O)=O,N,7.4,0.0
ISSCPRH,CCCCCCCCCCCCCCCC(O)=O,N,7.4,0.0
RAHTKCN,CCCCCCCCCCCCCCCC(O)=O,N,7.4,0.0
RTNWGQI,CCCCCCCCCCCCCCCC(O)=O,N,7.4,0.0
ACYHTPR,CCCCCCCCCCCCCCCC(O)=O,N,7.4,0.0
GGEFAYP,CCCCCCCCCCCCCCCC(O)=O,N,7.4,0.0
SYKKNETQ,CCCCCCCCCCCCCCCC(O)=O,N,7.4,0.0
TKLIGGAH,CCCCCCCCCCCCCCCC(O)=O,N,7.4,0.0
QPNQGNEF,CCCCCCCCCCCCCCCC(O)=O,N,7.4,0.0
CPRSQEQR,CCCCCCCCCCCCCCCC(O)=O,N,7.4,0.0
FGNRYKCI,CCCCCCCCCCCCCCCC(O)=O,N,7.4,0.0
IEMNPSYR,CCCCCCCCCCCCCCCC(O)=O,N,7.4,0.0
LCASDERS,CCCCCCCCCCCCCCCC(O)=O,N,7.4,0.0
NIVYEKQF,CCCCCCCCCCCCCCCC(O)=O,N,7.4,0.0
QGEEELNA,CCCCCCCCCCCCCCCC(O)=O,N,7.4,0.0
GPHELPTG,CCCCCCCCCCCCCCCC(O)=O,N,7.4,0.0
GYYHRSLD,CCCCCCCCCCCCCCCC(O)=O,N,7.4,0.0
QKPQQTPQ,CCCCCCCCCCCCCCCC(O)=O,N,7.4,0.0
RTAWLKVH,CCCCCCCCCCCCCCCC(O)=O,N,7.4,0.0
ERDMHVPK,CCCCCCCCCCCCCCCC(O)=O,N,7.4,0.0
STNFGKRF,CCCCCCCCCCCCCCCC(O)=O,N,7.4,0.0
WPWEDVHD,CCCCCCCCCCCCCCCC(O)=O,N,7.4,0.0
NNQTCDRC,CCCCCCCCCCCCCCCC(O)=O,N,7.4,0.0
DRLDAMFA,CCCCCCCCCCCCCCCC(O)=O,N,7.4,0.0
QGPKDITQ,CCCCCCCCCCCCCCCC(O)=O,N,7.4,0.0
QMQIEHYW,CCCCCCCCCCCCCCCC(O)=O,N,7.4,0.0
QQAQCRPK,CCCCCCCCCCCCCCCC(O)=O,N,7.4,0.0
HGGSEACD,CCCCCCCCCCCCCCCC(O)=O,N,7.4,0.0
KRKTTRKD,CCCCCCCCCCCCCCCC(O)=O,N,7.4,0.0
QMKEGCLM,CCCCCCCCCCCCCCCC(O)=O,N,7.4,0.0
EKNPQMGW,CCCCCCCCCCCCCCCC(O)=O,N,7.4,0.0
AMHILEQH,CCCCCCCCCCCCCCCC(O)=O,N,7.4,0.0
MKVNLRRR,CCCCCCCCCCCCCCCC(O)=O,N,7.4,0.0
NKTFVDFC,CCCCCCCCCCCCCCCC(O)=O,N,7.4,0.0
EHTKITRN,CCCCCCCCCCCCCCCC(O)=O,N,7.4,0.0
IPSAADTA,CCCCCCCCCCCCCCCC(O)=O,N,7.4,0.0
WNDSRVYK,CCCCCCCCCCCCCCCC(O)=O,N,7.4,0.0
SDESPKLD,CCCCCCCCCCCCCCCC(O)=O,N,7.4,0.0
TFSCNFEC,CCCCCCCCCCCCCCCC(O)=O,N,7.4,0.0
GWYGEQIN,CCCCCCCCCCCCCCCC(O)=O,N,7.4,0.0
PDDVKTKL,CCCCCCCCCCCCCCCC(O)=O,N,7.4,0.0
ITSDLIQK,CCCCCCCCCCCCCCCC(O)=O,N,7.4,0.0
EAMHFNSA,CCCCCCCCCCCCCCCC(O)=O,N,7.4,0.0
DLDSPMKM,CCCCCCCCCCCCCCCC(O)=O,N,7.4,0.0
HINTRAGM,CCCCCCCCCCCCCCCC(O)=O,N,7.4,0.0
GGCINTDR,CCCCCCCCCCCCCCCC(O)=O,N,7.4,0.0
MTATQAKI,CCCCCCCCCCCCCCCC(O)=O,N,7.4,0.0
HFARKRIY,CCCCCCCCCCCCCCCC(O)=O,N,7.4,0.0
CSQVTRFS,CCCCCCCCCCCCCCCC(O)=O,N,7.4,0.0
QNQKRYAS,CCCCCCCCCCCCCCCC(O)=O,N,7.4,0.0
ELQADKKM,CCCCCCCCCCCCCCCC(O)=O,N,7.4,0.0
PKDTHESC,CCCCCCCCCCCCCCCC(O)=O,N,7.4,0.0
FGNEECDG,CCCCCCCCCCCCCCCC(O)=O,N,7.4,0.0
HACCSPGK,CCCCCCCCCCCCCCCC(O)=O,N,7.4,0.0
AVHKEICG,CCCCCCCCCCCCCCCC(O)=O,N,7.4,0.0
DYSDDMPY,CCCCCCCCCCCCCCCC(O)=O,N,7.4,0.0
VKNAFKKT,CCCCCCCCCCCCCCCC(O)=O,N,7.4,0.0
GTSRHCPH,CCCCCCCCCCCCCCCC(O)=O,N,7.4,0.0
ADEQCWRD,CCCCCCCCCCCCCCCC(O)=O,N,7.4,0.0
KITGVFAH,CCCCCCCCCCCCCCCC(O)=O,N,7.4,0.0
RHPTSKQR,CCCCCCCCCCCCCCCC(O)=O,N,7.4,0.0
CPKHALHA,CCCCCCCCCCCCCCCC(O)=O,N,7.4,0.0
GNKLSNAF,CCCCCCCCCCCCCCCC(O)=O,N,7.4,0.0
DGMKWHRY,CCCCCCCCCCCCCCCC(O)=O,N,7.4,0.0
NCRCINKE,CCCCCCCCCCCCCCCC(O)=O,N,7.4,0.0
RKHNYWQN,CCCCCCCCCCCCCCCC(O)=O,N,7.4,0.0
CLSLHCKH,CCCCCCCCCCCCCCCC(O)=O,N,7.4,0.0
EGAEEKSK,CCCCCCCCCCCCCCCC(O)=O,N,7.4,0.0
PRHIRSEH,CCCCCCCCCCCCCCCC(O)=O,N,7.4,0.0
NKLKVEVE,CCCCCCCCCCCCCCCC(O)=O,N,7.4,0.0
RNNMIHHC,CCCCCCCCCCCCCCCC(O)=O,N,7.4,0.0
RVLCFRQE,CCCCCCCCCCCCCCCC(O)=O,N,7.4,0.0
KDKMSKPE,CCCCCCCCCCCCCCCC(O)=O,N,7.4,0.0
APHTFEVQ,CCCCCCCCCCCCCCCC(O)=O,N,7.4,0.0
MSRGERWE,CCCCCCCCCCCCCCCC(O)=O,N,7.4,0.0
DAGHRDYD,CCCCCCCCCCCCCCCC(O)=O,N,7.4,0.0
FAQWQHER,CCCCCCCCCCCCCCCC(O)=O,N,7.4,0.0
ACQPKVNT,CCCCCCCCCCCCCCCC(O)=O,N,7.4,0.0
DNPSAGPR,CCCCCCCCCCCCCCCC(O)=O,N,7.4,0.0
PFWDLKQY,CCCCCCCCCCCCCCCC(O)=O,N,7.4,0.0
SMTHGHRG,CCCCCCCCCCCCCCCC(O)=O,N,7.4,0.0
RVEKMGGF,CCCCCCCCCCCCCCCC(O)=O,N,7.4,0.0
EVLRGNSH,CCCCCCCCCCCCCCCC(O)=O,N,7.4,0.0
KAFFSARI,CCCCCCCCCCCCCCCC(O)=O,N,7.4,0.0
SQMEQIIY,CCCCCCCCCCCCCCCC(O)=O,N,7.4,0.0
TRMNNPMN,CCCCCCCCCCCCCCCC(O)=O,N,7.4,0.0
DLSTRSHW,CCCCCCCCCCCCCCCC(O)=O,N,7.4,0.0
AAQCTNRTV,CCCCCCCCCCCCCCCC(O)=O,N,7.4,0.0
GRMGGARIY,CCCCCCCCCCCCCCCC(O)=O,N,7.4,0.0
HQRQINRYR,CCCCCCCCCCCCCCCC(O)=O,N,7.4,0.0
LCDTMHRWR,CCCCCCCCCCCCCCCC(O)=O,N,7.4,0.0
YLGTIDMQR,CCCCCCCCCCCCCCCC(O)=O,N,7.4,0.0
WRYAICYES,CCCCCCCCCCCCCCCC(O)=O,N,7.4,0.0
ECGSAMDGQ,CCCCCCCCCCCCCCCC(O)=O,N,7.4,0.0
KIHRLRMKE,CCCCCCCCCCCCCCCC(O)=O,N,7.4,0.0
SMLKKWIPR,CCCCCCCCCCCCCCCC(O)=O,N,7.4,0.0
QDLVIQQTS,CCCCCCCCCCCCCCCC(O)=O,N,7.4,0.0
CDCYQGRKQ,CCCCCCCCCCCCCCCC(O)=O,N,7.4,0.0
RDTLNGVYT,CCCCCCCCCCCCCCCC(O)=O,N,7.4,0.0
TNTISNAFR,CCCCCCCCCCCCCCCC(O)=O,N,7.4,0.0
NEVMIDFED,CCCCCCCCCCCCCCCC(O)=O,N,7.4,0.0
ETANMWLMW,CCCCCCCCCCCCCCCC(O)=O,N,7.4,0.0
HIPWPCHKC,CCCCCCCCCCCCCCCC(O)=O,N,7.4,0.0
NTEPHPMFE,CCCCCCCCCCCCCCCC(O)=O,N,7.4,0.0
DVHSMDPTR,CCCCCCCCCCCCCCCC(O)=O,N,7.4,0.0
HEEIGQQDS,CCCCCCCCCCCCCCCC(O)=O,N,7.4,0.0
NLATSDNGV,CCCCCCCCCCCCCCCC(O)=O,N,7.4,0.0
TKDTEGVEE,CCCCCCCCCCCCCCCC(O)=O,N,7.4,0.0
APAHTKWRK,CCCCCCCCCCCCCCCC(O)=O,N,7.4,0.0
SQDGANCWA,CCCCCCCCCCCCCCCC(O)=O,N,7.4,0.0
TMFCPFRQW,CCCCCCCCCCCCCCCC(O)=O,N,7.4,0.0
QRPHTILTF,CCCCCCCCCCCCCCCC(O)=O,N,7.4,0.0
TTETGCNGT,CCCCCCCCCCCCCCCC(O)=O,N,7.4,0.0
CCFTTCRVA,CCCCCCCCCCCCCCCC(O)=O,N,7.4,0.0
KDKPRIMHQ,CCCCCCCCCCCCCCCC(O)=O,N,7.4,0.0
DADIKGETP,CCCCCCCCCCCCCCCC(O)=O,N,7.4,0.0
MGWTKQHCT,CCCCCCCCCCCCCCCC(O)=O,N,7.4,0.0
EYIRGETRF,CCCCCCCCCCCCCCCC(O)=O,N,7.4,0.0
FAFKYSAQV,CCCCCCCCCCCCCCCC(O)=O,N,7.4,0.0
GIPRPYENR,CCCCCCCCCCCCCCCC(O)=O,N,7.4,0.0
KKVKHRGDM,CCCCCCCCCCCCCCCC(O)=O,N,7.4,0.0
DQRQEPCPQ,CCCCCCCCCCCCCCCC(O)=O,N,7.4,0.0
KEARDDVTY,CCCCCCCCCCCCCCCC(O)=O,N,7.4,0.0
QVWDEMAVD,CCCCCCCCCCCCCCCC(O)=O,N,7.4,0.0
NVDPYAPLY,CCCCCCCCCCCCCCCC(O)=O,N,7.4,0.0
CHLAYQTNR,CCCCCCCCCCCCCCCC(O)=O,N,7.4,0.0
RKMYYVPVA,CCCCCCCCCCCCCCCC(O)=O,N,7.4,0.0
QMRMTANYH,CCCCCCCCCCCCCCCC(O)=O,N,7.4,0.0
RKQRTHNLQ,CCCCCCCCCCCCCCCC(O)=O,N,7.4,0.0
GIYRMDSEC,CCCCCCCCCCCCCCCC(O)=O,N,7.4,0.0
SNFIKNCTA,CCCCCCCCCCCCCCCC(O)=O,N,7.4,0.0
WVSRFDTKK,CCCCCCCCCCCCCCCC(O)=O,N,7.4,0.0
GKVSKMTPH,CCCCCCCCCCCCCCCC(O)=O,N,7.4,0.0
MRHVSASFG,CCCCCCCCCCCCCCCC(O)=O,N,7.4,0.0
HVKENMAPQ,CCCCCCCCCCCCCCCC(O)=O,N,7.4,0.0
DHTEILHTN,CCCCCCCCCCCCCCCC(O)=O,N,7.4,0.0
VLGDADNGN,CCCCCCCCCCCCCCCC(O)=O,N,7.4,0.0
TWFDMSDNN,CCCCCCCCCCCCCCCC(O)=O,N,7.4,0.0
GSGKRKCGP,CCCCCCCCCCCCCCCC(O)=O,N,7.4,0.0
MYCQKMEGV,CCCCCCCCCCCCCCCC(O)=O,N,7.4,0.0
SADFDISGK,CCCCCCCCCCCCCCCC(O)=O,N,7.4,0.0
NGSHERMCA,CCCCCCCCCCCCCCCC(O)=O,N,7.4,0.0
DQPNTKPKH,CCCCCCCCCCCCCCCC(O)=O,N,7.4,0.0
HGAGTKPNC,CCCCCCCCCCCCCCCC(O)=O,N,7.4,0.0
GPKQDEQGH,CCCCCCCCCCCCCCCC(O)=O,N,7.4,0.0
GPNCEQTRI,CCCCCCCCCCCCCCCC(O)=O,N,7.4,0.0
RCIAVGQVR,CCCCCCCCCCCCCCCC(O)=O,N,7.4,0.0
ITRRGPELT,CCCCCCCCCCCCCCCC(O)=O,N,7.4,0.0
MKKNAKWHD,CCCCCCCCCCCCCCCC(O)=O,N,7.4,0.0
IHDMCATVP,CCCCCCCCCCCCCCCC(O)=O,N,7.4,0.0
FYMKEISKL,CCCCCCCCCCCCCCCC(O)=O,N,7.4,0.0
IRAKNSKFK,CCCCCCCCCCCCCCCC(O)=O,N,7.4,0.0
NWTDMGVDH,CCCCCCCCCCCCCCCC(O)=O,N,7.4,0.0
GRMQRYSIH,CCCCCCCCCCCCCCCC(O)=O,N,7.4,0.0
RNPGQWRNK,CCCCCCCCCCCCCCCC(O)=O,N,7.4,0.0
ECCKNINCC,CCCCCCCCCCCCCCCC(O)=O,N,7.4,0.0
SEYVILAQW,CCCCCCCCCCCCCCCC(O)=O,N,7.4,0.0
AWEKNQQIT,CCCCCCCCCCCCCCCC(O)=O,N,7.4,0.0
GWNVMDVKC,CCCCCCCCCCCCCCCC(O)=O,N,7.4,0.0
TQWCQPSND,CCCCCCCCCCCCCCCC(O)=O,N,7.4,0.0
DYHVPRYFD,CCCCCCCCCCCCCCCC(O)=O,N,7.4,0.0
MYCHNVTTR,CCCCCCCCCCCCCCCC(O)=O,N,7.4,0.0
KCLGCGYME,CCCCCCCCCCCCCCCC(O)=O,N,7.4,0.0
WRSRGMVFT,CCCCCCCCCCCCCCCC(O)=O,N,7.4,0.0
DRRTYEFGL,CCCCCCCCCCCCCCCC(O)=O,N,7.4,0.0
EFAGRRQDW,CCCCCCCCCCCCCCCC(O)=O,N,7.4,0.0
STQWGKQPQ,CCCCCCCCCCCCCCCC(O)=O,N,7.4,0.0
HILIQRTPH,CCCCCCCCCCCCCCCC(O)=O,N,7.4,0.0
RINNNAMVYR,CCCCCCCCCCCCCCCC(O)=O,N,7.4,0.0
EHSDSVDVSG,CCCCCCCCCCCCCCCC(O)=O,N,7.4,0.0
FAVEQYYVTD,CCCCCCCCCCCCCCCC(O)=O,N,7.4,0.0
PECGVCTHVL,CCCCCCCCCCCCCCCC(O)=O,N,7.4,0.0
ENITESITKG,CCCCCCCCCCCCCCCC(O)=O,N,7.4,0.0
SAMYTMSEQS,CCCCCCCCCCCCCCCC(O)=O,N,7.4,0.0
ARFMVNQKCM,CCCCCCCCCCCCCCCC(O)=O,N,7.4,0.0
NYKNHCQVEV,CCCCCCCCCCCCCCCC(O)=O,N,7.4,0.0
SHDVIGLDHH,CCCCCCCCCCCCCCCC(O)=O,N,7.4,0.0
WVEFTADTGL,CCCCCCCCCCCCCCCC(O)=O,N,7.4,0.0
KGTFCKPRFR,CCCCCCCCCCCCCCCC(O)=O,N,7.4,0.0
NCTALPHKME,CCCCCCCCCCCCCCCC(O)=O,N,7.4,0.0
REVHFCFFCN,CCCCCCCCCCCCCCCC(O)=O,N,7.4,0.0
VMTFKLTNHT,CCCCCCCCCCCCCCCC(O)=O,N,7.4,0.0
GHPSEMVSTS,CCCCCCCCCCCCCCCC(O)=O,N,7.4,0.0
MDLPMYGEPL,CCCCCCCCCCCCCCCC(O)=O,N,7.4,0.0
RSTDASEKSM,CCCCCCCCCCCCCCCC(O)=O,N,7.4,0.0
IGHGIDDGRF,CCCCCCCCCCCCCCCC(O)=O,N,7.4,0.0
QLWCHYKDTW,CCCCCCCCCCCCCCCC(O)=O,N,7.4,0.0
AKGVAMENFV,CCCCCCCCCCCCCCCC(O)=O,N,7.4,0.0
FRLCTVNKMV,CCCCCCCCCCCCCCCC(O)=O,N,7.4,0.0
QVSHNLRYYP,CCCCCCCCCCCCCCCC(O)=O,N,7.4,0.0
QYSNNNETPN,CCCCCCCCCCCCCCCC(O)=O,N,7.4,0.0
QMHQICVIRY,CCCCCCCCCCCCCCCC(O)=O,N,7.4,0.0
DQKMTSWFYQ,CCCCCCCCCCCCCCCC(O)=O,N,7.4,0.0
GGKHNHNDKH,CCCCCCCCCCCCCCCC(O)=O,N,7.4,0.0
RNRCGDWKQN,CCCCCCCCCCCCCCCC(O)=O,N,7.4,0.0
RNNMSCNNSH,CCCCCCCCCCCCCCCC(O)=O,N,7.4,0.0
KCIDIQLHHA,CCCCCCCCCCCCCCCC(O)=O,N,7.4,0.0
GWEDPACCGR,CCCCCCCCCCCCCCCC(O)=O,N,7.4,0.0
CMHAPFSDTP,CCCCCCCCCCCCCCCC(O)=O,N,7.4,0.0
TVGMNRPLQI,CCCCCCCCCCCCCCCC(O)=O,N,7.4,0.0
CKDPIDTFQM,CCCCCCCCCCCCCCCC(O)=O,N,7.4,0.0
CRVDHGTTIW,CCCCCCCCCCCCCCCC(O)=O,N,7.4,0.0
LTKDEQQGED,CCCCCCCCCCCCCCCC(O)=O,N,7.4,0.0
MEDMTGETQY,CCCCCCCCCCCCCCCC(O)=O,N,7.4,0.0
QDPVRYKMPN,CCCCCCCCCCCCCCCC(O)=O,N,7.4,0.0
PNGGTDVATT,CCCCCCCCCCCCCCCC(O)=O,N,7.4,0.0
NRCGMTVVSV,CCCCCCCCCCCCCCCC(O)=O,N,7.4,0.0
SSRKAENSEG,CCCCCCCCCCCCCCCC(O)=O,N,7.4,0.0
CMQQVKIVHP,CCCCCCCCCCCCCCCC(O)=O,N,7.4,0.0
NYITEVEGFT,CCCCCCCCCCCCCCCC(O)=O,N,7.4,0.0
EAQECMATPF,CCCCCCCCCCCCCCCC(O)=O,N,7.4,0.0
WPWTPDNFHS,CCCCCCCCCCCCCCCC(O)=O,N,7.4,0.0
MGICDICGIF,CCCCCCCCCCCCCCCC(O)=O,N,7.4,0.0
QNHLHKCVFT,CCCCCCCCCCCCCCCC(O)=O,N,7.4,0.0
CDHSPPCACL,CCCCCCCCCCCCCCCC(O)=O,N,7.4,0.0
SEESHKNFGS,CCCCCCCCCCCCCCCC(O)=O,N,7.4,0.0
KMSLWHTNSG,CCCCCCCCCCCCCCCC(O)=O,N,7.4,0.0
NCHNKYTDIH,CCCCCCCCCCCCCCCC(O)=O,N,7.4,0.0
RPQVQIPDCM,CCCCCCCCCCCCCCCC(O)=O,N,7.4,0.0
QWEGKEEGVD,CCCCCCCCCCCCCCCC(O)=O,N,7.4,0.0
YCHMEDIYEQ,CCCCCCCCCCCCCCCC(O)=O,N,7.4,0.0
NFDDGNDMVN,CCCCCCCCCCCCCCCC(O)=O,N,7.4,0.0
TQKIQPEWKC,CCCCCCCCCCCCCCCC(O)=O,N,7.4,0.0
IGRNCYQEEG,CCCCCCCCCCCCCCCC(O)=O,N,7.4,0.0
ENIVKMKQIL,CCCCCCCCCCCCCCCC(O)=O,N,7.4,0.0
SNIHDELCCG,CCCCCCCCCCCCCCCC(O)=O,N,7.4,0.0
NWTLDTSPIE,CCCCCCCCCCCCCCCC(O)=O,N,7.4,0.0
GEKKRNRDND,CCCCCCCCCCCCCCCC(O)=O,N,7.4,0.0
NSKQGLMQMK,CCCCCCCCCCCCCCCC(O)=O,N,7.4,0.0
LKEQKESCNI,CCCCCCCCCCCCCCCC(O)=O,N,7.4,0.0
ASNCEMKHQH,CCCCCCCCCCCCCCCC(O)=O,N,7.4,0.0
KHSSCKNQLS,CCCCCCCCCCCCCCCC(O)=O,N,7.4,0.0
GRQINKWHAL,CCCCCCCCCCCCCCCC(O)=O,N,7.4,0.0
KQHLHMHGDY,CCCCCCCCCCCCCCCC(O)=O,N,7.4,0.0
PAHEADISGV,CCCCCCCCCCCCCCCC(O)=O,N,7.4,0.0
ERLMGASWLI,CCCCCCCCCCCCCCCC(O)=O,N,7.4,0.0
HDLDACTHAI,CCCCCCCCCCCCCCCC(O)=O,N,7.4,0.0
DTRTTSFRVV,CCCCCCCCCCCCCCCC(O)=O,N,7.4,0.0
NFEHTIRRHH,CCCCCCCCCCCCCCCC(O)=O,N,7.4,0.0
TQHPTGVRED,CCCCCCCCCCCCCCCC(O)=O,N,7.4,0.0
GG,OC(OCC1C2=C(C3=C1C=CC=C3)C=CC=C2)=O,None,4.0,1.0
GG,OC(OCC1C2=C(C3=C1C=CC=C3)C=CC=C2)=O,None,4.0,1.0
AG,OC(OCC1C2=C(C3=C1C=CC=C3)C=CC=C2)=O,None,4.0,1.0
AG,OC(OCC1C2=C(C3=C1C=CC=C3)C=CC=C2)=O,None,4.0,1.0
AA,OC(OCC1C2=C(C3=C1C=CC=C3)C=CC=C2)=O,None,4.0,1.0
AA,OC(OCC1C2=C(C3=C1C=CC=C3)C=CC=C2)=O,None,4.0,1.0
LG,OC(OCC1C2=C(C3=C1C=CC=C3)C=CC=C2)=O,None,4.0,1.0
LG,OC(OCC1C2=C(C3=C1C=CC=C3)C=CC=C2)=O,None,4.0,1.0
FG,OC(OCC1C2=C(C3=C1C=CC=C3)C=CC=C2)=O,None,4.0,1.0
FG,OC(OCC1C2=C(C3=C1C=CC=C3)C=CC=C2)=O,None,4.0,1.0
FF,OC(OCC1C2=C(C3=C1C=CC=C3)C=CC=C2)=O,None,8.0,1.0
FF,OC(OCC1C2=C(C3=C1C=CC=C3)C=CC=C2)=O,None,8.0,1.0
VVAAEE,CCCCCCCCCCCCCCCC(O)=O,N,7.4,1.0
VVVAAAEEE,OC(CCCCCCCCCCCCCCCS)=O,None,7.2,1.0
VVVAAAEEE,OC(CCCCCCCCCCS)=O,None,7.2,1.0
VVVAAAEEE,CCCCCCCCCCCCCCCC(O)=O,None,7.2,1.0
VVVAAAEEEE,SCCCCCCCCCCCNCCCC[C@@H](C(O)=O)NCCCCCCCCCCCS,None,7.2,1.0
VVVAAAEEE,CCCCCCCCCCCCCCCC(O)=O,None,7.4,1.0
VVAAEEE,CCCCCCCCCCCCCCCC(O)=O,None,7.4,1.0
VVVVAAAAEEE,CCCCCCCCCCCCCCCC(O)=O,None,7.4,1.0
VVAAAAEEE,CCCCCCCCCCCCCCCC(O)=O,None,7.4,1.0
VVVVAAEEE,CCCCCCCCCCCCCCCC(O)=O,None,7.4,1.0
AAAVVVEEE,CCCCCCCCCCCCCCCC(O)=O,None,7.4,1.0
ESLKISQAVHAAHAEINEAGREKEKEKEKE,OC([C@@H](NC(C)=O)CCCCNC(CCCCCCCCCCCCCCC)=O)=O,N,7.4,1.0
ESLKISQAVHAAHAEINEAGREKEKEKEKE,OC([C@@H](NC(CCCCCCCCCCCCCCC)=O)CCCCNC(CCCCCCCCCCCCCCC)=O)=O,N,7.4,1.0
WAAAAKAAAAKAAAAKA,CCCCCCCCCCCCCCCC(O)=O,None,7.0,1.0
KK,CCCCCCCCCCCCCCCC(O)=O,N,7.9,1.0
KK,CCCCCCCCCCCCCCCC(O)=O,N,8.3,1.0
KK,CCCCCCCCCCCCCCCC(O)=O,N,9.0,1.0
VEVE,CCCCCCCCCCCCCCCC(O)=O,None,5.0,1.0
VEVE,CCCCCCCCCCCCCCCC(O)=O,None,5.0,1.0
VEVE,CCCCCCCCCCCCCCCC(O)=O,None,5.0,1.0
KTTKS,CCCCCCCCCCCCCCCC(O)=O,None,7.0,1.0
KTVIIE,CCCCCCCCCCCCCCCC(O)=O,N,2.5,1.0
KTVIIE,CC(O)=O,NCCCCCCCCCCCCCCCC,2.5,1.0
KTVIIE,CCCCCCCC(O)=O,N,2.5,1.0
KTVIIE,CCCCCCCCCC(O)=O ,N,2.5,1.0
KTVIIE,CCCCCCCCCCCC(O)=O ,N,2.5,1.0
KTVIIE,CCCCCCCCCCCCCC(O)=O ,N,2.5,1.0
KGK,CCCCCCCCCCCCCCCC(O)=O,N,6.5,1.0
KLK,CCCCCCCCCCCCCCCC(O)=O,N,6.5,1.0
VVAAKKKGKLTWQELYQLKYKGI,CCCCCCCCCCCCCCCC(O)=O,N,7.0,1.0
VVAAKKKGKLTWQELYQLKYKGI,CCCCCCCCCCCCCCCC(O)=O,N,7.0,1.0
SF,OC(OCC1C2=C(C3=C1C=CC=C3)C=CC=C2)=O,OC,8.0,1.0
SL,OC(OCC1C2=C(C3=C1C=CC=C3)C=CC=C2)=O,OC,8.0,1.0
TF,OC(OCC1C2=C(C3=C1C=CC=C3)C=CC=C2)=O,OC,8.0,1.0
TL,OC(OCC1C2=C(C3=C1C=CC=C3)C=CC=C2)=O,OC,8.0,1.0
SF,OC(OCC1C2=C(C3=C1C=CC=C3)C=CC=C2)=O,OC,8.0,1.0
FY,OC(OCC1C2=C(C3=C1C=CC=C3)C=CC=C2)=O,None,8.0,1.0
FF,OC(OCC1C2=C(C3=C1C=CC=C3)C=CC=C2)=O,None,7.0,1.0
VVAAEEEADEGVFDNFVLK,CCCCCCCCCCCCCCCC(O)=O,N,7.4,1.0
VVAAEEEADEGVFDNFVLK,CCCCCCCCCCCCCCCC(O)=O,N,7.4,1.0
VVAAEEEADEGVDFNVKLF,CCCCCCCCCCCCCCCC(O)=O,N,7.4,1.0
VVAAEE,CCCCCCCCCCCCCCCC(O)=O,N,7.4,1.0
VVAAEE,CCCCCCCCCCCCCCCC(O)=O,N,7.4,1.0
YT,OC(OCC1C2=C(C3=C1C=CC=C3)C=CC=C2)=O,None,8.0,1.0
YS,OC(OCC1C2=C(C3=C1C=CC=C3)C=CC=C2)=O,None,8.0,1.0
YN,OC(OCC1C2=C(C3=C1C=CC=C3)C=CC=C2)=O,None,8.0,1.0
GAGAS,OC(OCC1C2=C(C3=C1C=CC=C3)C=CC=C2)=O,None,2.7,1.0
GVGVP,OC(OCC1C2=C(C3=C1C=CC=C3)C=CC=C2)=O,None,4.8,1.0
VTEEI,OC(OCC1C2=C(C3=C1C=CC=C3)C=CC=C2)=O,None,6.1,1.0
VYGGG,OC(OCC1C2=C(C3=C1C=CC=C3)C=CC=C2)=O,None,4.3,1.0
YGFGG,OC(OCC1C2=C(C3=C1C=CC=C3)C=CC=C2)=O,None,7.8,1.0
GAGAS,O=C(O)CCCC1=CC=C2C=CC3=C4C2=C1C=CC4=CC=C3,None,2.5,1.0
GVGVP,O=C(O)CCCC1=CC=C2C=CC3=C4C2=C1C=CC4=CC=C3,None,4.1,1.0
VTEEI,O=C(O)CCCC1=CC=C2C=CC3=C4C2=C1C=CC4=CC=C3,None,5.4,1.0
YGFGG,O=C(O)CCCC1=CC=C2C=CC3=C4C2=C1C=CC4=CC=C3,None,5.1,1.0
VTEEI,OC(CC1=CC2=CC=CC=C2C=C1)=O,None,3.2,1.0
VYGGG,OC(CC1=CC2=CC=CC=C2C=C1)=O,None,4.1,1.0
YGFGG,OC(CC1=CC2=CC=CC=C2C=C1)=O,None,5.3,1.0
EQLESIINFEKLTE,OC(CCC(NC(C(OCCCCCCCCCCCCCCCC)=O)CCC(OCCCCCCCCCCCCCCCC)=O)=O)=O,N,7.4,1.0
LSQETFSDLWKLLPEN,CCCCCCCCCCCCCCCC(O)=O,None,7.0,1.0
LSQETFSDLWKLLPEN,CCCCCCCCCCCCCCCC(O)=O,None,7.0,1.0
AAAALSQETFSDLWKLLPEN,CCCCCCCCCCCCCCCC(O)=O,None,7.0,1.0
AAAALSQETFSDLWKLLPEN,CCCCCCCCCCCCCCCC(O)=O,None,7.0,1.0
GG,OC(COC1=CC2=CC=CC=C2C=C1)=O,None,2.0,1.0
GA,OC(COC1=CC2=CC=CC=C2C=C1)=O,None,2.0,1.0
GA,OC(COC1=CC2=CC=CC=C2C=C1)=O,None,2.0,1.0
GS,OC(COC1=CC2=CC=CC=C2C=C1)=O,None,2.0,1.0
GA,OC(COC1=CC=CC2=C1C=CC=C2)=O,None,5.0,1.0
LL,OC(OCC1C2=C(C3=C1C=CC=C3)C=CC=C2)=O,None,8.0,1.0
VV,OC(OCC1C2=C(C3=C1C=CC=C3)C=CC=C2)=O,None,8.0,1.0
AG,OC(COC1=CC2=CC=C(C=C2C=C1)Br)=O,None,3.4,1.0
AA,OC(COC1=CC2=CC=C(C=C2C=C1)Br)=O,None,3.4,1.0
AV,OC(COC1=CC2=CC=C(C=C2C=C1)Br)=O,None,3.4,1.0
AV,OC(COC1=CC2=CC=C(C=C2C=C1)Br)=O,None,5.4,1.0
FF,N#CC(C=C1)=CC(C=C2)=C1C=C2OCC(O)=O,None,6.0,1.0
FF,O=C(COC1=CC2=CC(OC)=CC=C2C=C1)O,None,6.3,1.0
LG,OC(OCC1C2=C(C3=C1C=CC=C3)C=CC=C2)=O,None,5.0,1.0
GGGGGGGCCERGDS,OC(CCCCCCCCCCBr)=O,N,7.0,1.0
YF,OC(OCC1C2=C(C3=C1C=CC=C3)C=CC=C2)=O,N,8.0,1.0
FF,OC(OCC1C2=C(C3=C1C=CC=C3)C=CC=C2)=O,N,8.0,1.0
IKVAV,OC(OCC1C2=C(C3=C1C=CC=C3)C=CC=C2)=O,None,11.0,1.0
DIKVAV,OC(OCC1C2=C(C3=C1C=CC=C3)C=CC=C2)=O,None,9.0,1.0
DDIKVAV,OC(OCC1C2=C(C3=C1C=CC=C3)C=CC=C2)=O,None,7.4,1.0
DDDIKVAV,OC(OCC1C2=C(C3=C1C=CC=C3)C=CC=C2)=O,None,6.0,1.0
FDFD,OC(OCC1=CC=CC=C1)=O,NCCC,6.0,1.0
DFDF,OC(OCC1=CC=CC=C1)=O,NCCC,6.0,1.0
FFDD,OC(OCC1=CC=CC=C1)=O,NCCC,6.0,1.0
DDFF,OC(OCC1=CC=CC=C1)=O,NCCC,6.0,1.0
FDDF,OC(OCC1=CC=CC=C1)=O,NCCC,6.0,1.0
DFFD,OC(OCC1=CC=CC=C1)=O,NCCC,6.0,1.0
FK,OC(CN1C(C(C2=C(SC(C)=C2)C)=C(C1=O)C3=C(SC(C)=C3)C)=O)=O,None,6.5,1.0
GF,OC(CN1C(C(C2=C(SC(C)=C2)C)=C(C1=O)C3=C(SC(C)=C3)C)=O)=O,None,6.5,1.0
GK,OC(CN1C(C(C2=C(SC(C)=C2)C)=C(C1=O)C3=C(SC(C)=C3)C)=O)=O,None,6.5,1.0
KG,OC(CN1C(C(C2=C(SC(C)=C2)C)=C(C1=O)C3=C(SC(C)=C3)C)=O)=O,None,6.5,1.0
FF,OC(OCC1C2=C(C3=C1C=CC=C3)C=CC=C2)=O,None,7.0,1.0
LL,OC(OCC1C2=C(C3=C1C=CC=C3)C=CC=C2)=O,None,7.0,1.0
LG,OC(OCC1C2=C(C3=C1C=CC=C3)C=CC=C2)=O,None,7.6,1.0
LG,OC(OCC1C2=C(C3=C1C=CC=C3)C=CC=C2)=O,None,4.5,1.0
AAAGGGKKK,CCCCCCCCCCCCCCCC(O)=O,N,7.4,1.0
VVVAAAKKK,CCCCCCCCCCCCCCCC(O)=O,N,7.4,1.0
AAAGGGKK,CCCCCCCCCCCCCCCC(O)=O,N,7.4,1.0
AAAGGGKKK,CCCCCCCCCCCC(O)=O ,N,7.4,1.0
AAAGGGKKK,CCCCCCCCCCCCCC(O)=O ,N,7.4,1.0
AAAGGGKKK,CCCCCCCCCCCCCCCCCC(O)=O,N,7.4,1.0
VVVAAAKKKG,CCCCCCCCCCCCCCCC(O)=O,None,7.0,1.0
VVVAAAKKK,CCCCCCCCCCCCCCCC(O)=O,N,7.0,1.0
VVVAAAKKKGRGDS,CCCCCCCCCCCCCCCC(O)=O,N,7.0,1.0
VVVAAAKKKGGGRGDS,CCCCCCCCCCCCCCCC(O)=O,N,7.0,1.0
VVVAAAKKKGGGGGRGDS,CCCCCCCCCCCCCCCC(O)=O,N,7.0,1.0
IAVEEE,OC(C1=CC=C(/C=N/SC(C2=CC=CC=C2)=O)C=C1)=O,N,7.4,1.0
IAVEEE,OC(C1=CC=C(/C=N/SC(C2=CC=CC=C2)=O)C=C1)=O,N,7.4,1.0
IAVEEE,OC(COC1=CC=C(C=C1)/C=N/SC(C2=CC=CC=C2)=O)=O,N,7.4,1.0
IAVEEE,OC(COC1=CC=C(C=C1)/C=N/SC(C2=CC=CC=C2)=O)=O,N,7.4,1.0
IAVEEE,OC(C(C)OC1=CC=C(C=C1)/C=N/SC(C2=CC=CC=C2)=O)=O,N,7.4,1.0
IAVEEE,OC(C(C)OC1=CC=C(C=C1)/C=N/SC(C2=CC=CC=C2)=O)=O,N,7.4,1.0
IAVEEE,OC(CCC1=CC=C(C=C1)/C=N/SC(C2=CC=CC=C2)=O)=O,N,7.4,1.0
IAVEEE,OC(CCC1=CC=C(C=C1)/C=N/SC(C2=CC=CC=C2)=O)=O,N,7.4,1.0
IAVEEE,OC(/C=C/C1=CC=C(C=C1)/C=N/SC(C2=CC=CC=C2)=O)=O,N,7.4,1.0
IAVEEE,OC(/C=C/C1=CC=C(C=C1)/C=N/SC(C2=CC=CC=C2)=O)=O,N,7.4,1.0
VEVE,CCCCCCCCCCCCCCCC(O)=O,None,7.0,1.0
VEVE,CCCCCCCCCCCCCCCC(O)=O,None,8.0,1.0
VEVE,CCCCCCCCCCCCCCCC(O)=O,None,9.0,1.0
VEVEVEVE,CCCCCCCCCCCCCCCC(O)=O,None,7.0,1.0
VEVEVEVEVEVE,CCCCCCCCCCCCCCCC(O)=O,None,7.0,1.0
KKAAAAAA,None,N[C@H](CCCCNC(CCCCCCCCCCC)=O)C(N)=O,7.5,1.0
KKAAAAAA,None,N[C@H](CCCCNC(CCCCCCCCCCC)=O)C(N)=O,6.0,1.0
TF,OC(OCC1C2=C(C3=C1C=CC=C3)C=CC=C2)=O,N,8.0,1.0
TL,OC(OCC1C2=C(C3=C1C=CC=C3)C=CC=C2)=O,N,8.0,1.0
TF,OC(OCC1C2=C(C3=C1C=CC=C3)C=CC=C2)=O,OC,8.0,1.0
TL,OC(OCC1C2=C(C3=C1C=CC=C3)C=CC=C2)=O,OC,8.0,1.0
CCCCGGGSRGD,CCCCCCCCCCCCCCCC(O)=O,None,5.0,1.0
CCCCGGGEIKVAV,CCCCCCCCCCCCCCCC(O)=O,None,5.0,1.0
AHLLLKKK,CCCCCCCCCCCCCCCC(O)=O,None,7.0,1.0
AHALLLKKK,CCCCCCCCCCCCCCCC(O)=O,None,7.0,1.0
AHALLLKKK,CCCCCCCCCCCCCCCC(O)=O,None,7.0,1.0
VVAAEEEEGIKVAV,CCCCCCCCCCCCCCCC(O)=O,N,7.4,1.0
VVAAEEEEGIKVAV,CCCCCCCCCCCCCCCC(O)=O,N,7.4,1.0
VVAAEEEEGVKIVA,CCCCCCCCCCCCCCCC(O)=O,N,7.4,1.0
VVAAEEEEGVKIVA,CCCCCCCCCCCCCCCC(O)=O,N,7.4,1.0
AAAAAAD,CC(O)=O,None,7.0,1.0
VVVVVVD,CC(O)=O,None,7.0,1.0
VVVVVVDD,CC(O)=O,None,7.0,1.0
EEYSV,CCCCCCCCCCCCCCCC(O)=O,N,7.4,1.0
KKYSV,CCCCCCCCCCCCCCCC(O)=O,N,7.4,1.0
VVVAAAEEE,CCCCCCCCCCCCCCCC(O)=O,None,7.4,1.0
GGGGDD,CC(O)=O,None,7.0,1.0
GGGGGGGGDD,CC(O)=O,None,7.0,1.0
GGGGGGGGGGDD,CC(O)=O,None,7.0,1.0
VVVVVVK,CC(O)=O,None,7.0,1.0
VVVVVVKK,CC(O)=O,None,7.0,1.0
VVVK,CC(O)=O,None,7.0,1.0
VVVVVVK,CC(O)=O,None,9.0,1.0
LLLLLLKK,CC(O)=O,None,9.0,1.0
AAAAAAK,CC(O)=O,None,9.0,1.0
VVVVVVH,CC(O)=O,None,7.0,1.0
VVVVVVKK,CC(O)=O,None,9.0,1.0
HHVVVVVV,None,N,7.0,1.0
KVVVVVV,None,N,9.0,1.0
GAVILRR,CC(O)=O,N,12.71,1.0
IIIIIIKK,CC(O)=O,N,7.0,1.0
VVVVVVDD,CC(O)=O,None,7.5,1.0
VVVVVDVD,CC(O)=O,None,7.5,1.0
VVVVDDVV,CC(O)=O,None,7.5,1.0
AAAK,CC(O)=O,None,6.0,1.0
AAAAAAK,CC(O)=O,None,6.0,1.0
AAAAAAAAAK,CC(O)=O,None,6.0,1.0
VVVAAAEEE,CCCCCCCCCCCCCCCC(O)=O,None,5.0,1.0
VVVAAAEEE,CCCCCCCCCCCCCCCC(O)=O,None,5.0,1.0
AAAAGGGEIKVAV,CCCCCCCCCCCCCCCC(O)=O,None,5.0,1.0
AAAAGGGKYIGSR,CCCCCCCCCCCCCCCC(O)=O,N,9.0,1.0
FWK,OC(OCC1C2=C(C3=C1C=CC=C3)C=CC=C2)=O,None,11.5,1.0
FWK,OC(OCC1C2=C(C3=C1C=CC=C3)C=CC=C2)=O,None,5.0,1.0
FWK,OC(OCC1C2=C(C3=C1C=CC=C3)C=CC=C2)=O,None,12.0,1.0
FWK,OC(OCC1C2=C(C3=C1C=CC=C3)C=CC=C2)=O,None,6.0,1.0
FWK,OC(OCC1C2=C(C3=C1C=CC=C3)C=CC=C2)=O,None,7.0,1.0
FWK,OC(OCC1C2=C(C3=C1C=CC=C3)C=CC=C2)=O,None,8.0,1.0
FWK,OC(OCC1C2=C(C3=C1C=CC=C3)C=CC=C2)=O,None,9.0,1.0
FWK,OC(OCC1C2=C(C3=C1C=CC=C3)C=CC=C2)=O,None,10.0,1.0
FWK,OC(OCC1C2=C(C3=C1C=CC=C3)C=CC=C2)=O,N,5.0,1.0
FWK,OC(OCC1C2=C(C3=C1C=CC=C3)C=CC=C2)=O,N,6.0,1.0
FWK,OC(OCC1C2=C(C3=C1C=CC=C3)C=CC=C2)=O,N,7.0,1.0
FWK,OC(OCC1C2=C(C3=C1C=CC=C3)C=CC=C2)=O,N,8.0,1.0
FWK,OC(OCC1C2=C(C3=C1C=CC=C3)C=CC=C2)=O,N,9.0,1.0
FWK,OC(OCC1C2=C(C3=C1C=CC=C3)C=CC=C2)=O,N,10.0,1.0
FWK,OC(OCC1C2=C(C3=C1C=CC=C3)C=CC=C2)=O,N,11.5,1.0
FWK,OC(OCC1C2=C(C3=C1C=CC=C3)C=CC=C2)=O,N,12.0,1.0
AYSSGAPPMPPF,CCCCCCCCCCCC(O)=O ,None,7.4,1.0
RGD,OC(OCC1C2=C(C3=C1C=CC=C3)C=CC=C2)=O,None,6.94,1.0
FRGD,OC(OCC1C2=C(C3=C1C=CC=C3)C=CC=C2)=O,None,6.5,1.0
GF,OC(OCC1C2=C(C3=C1C=CC=C3)C=CC=C2)=O,None,6.5,1.0
RGDF,OC(OCC1C2=C(C3=C1C=CC=C3)C=CC=C2)=O,None,6.5,1.0
FG,OC(OCC1C2=C(C3=C1C=CC=C3)C=CC=C2)=O,None,6.5,1.0
RGD,OC(OCC1C2=C(C3=C1C=CC=C3)C=CC=C2)=O,None,6.5,1.0
FF,OC(OCC1C2=C(C3=C1C=CC=C3)C=CC=C2)=O,None,6.5,1.0
FF,OC(OCC1C2=C(C3=C1C=CC=C3)C=CC=C2)=O,None,3.0,1.0
FF,OC(OCC1C2=C(C3=C1C=CC=C3)C=CC=C2)=O,None,12.0,1.0
AA,OC(OCC1C2=C(C3=C1C=CC=C3)C=CC=C2)=O,None,3.35,1.0
YL,OC(OCC1C2=C(C3=C1C=CC=C3)C=CC=C2)=O,None,8.0,1.0
YN,OC(OCC1C2=C(C3=C1C=CC=C3)C=CC=C2)=O,None,8.0,1.0
YS,OC(OCC1C2=C(C3=C1C=CC=C3)C=CC=C2)=O,None,8.0,1.0
VL,OC(OCC1C2=C(C3=C1C=CC=C3)C=CC=C2)=O,None,8.0,1.0
VD,OC(OCC1C2=C(C3=C1C=CC=C3)C=CC=C2)=O,None,7.46,1.0
FG,OC(OCC1C2=C(C3=C1C=CC=C3)C=CC=C2)=O,None,10.5,1.0
FG,OC(OCC1C2=C(C3=C1C=CC=C3)C=CC=C2)=O,None,8.1,1.0
FG,OC(OCC1C2=C(C3=C1C=CC=C3)C=CC=C2)=O,None,5.0,1.0
GG,OC(OCC1C2=C(C3=C1C=CC=C3)C=CC=C2)=O,None,4.8,1.0
GF,OC(OCC1C2=C(C3=C1C=CC=C3)C=CC=C2)=O,None,6.0,1.0
KRGDS,CCCCCCN(C1=O)C(C2=CC=C(C3=C2C1=CC=C3C4=O)C(N4CC(O)=O)=O)=O,N,7.0,1.0
FFG,OC(CC1=CC2=CC=CC=C2C=C1)=O,None,7.4,1.0
FFA,OC(CC1=CC2=CC=CC=C2C=C1)=O,None,7.4,1.0
FF,OC(CC1=CC2=CC=CC=C2C=C1)=O,None,7.4,1.0
FFKK,OC(CC1=CC2=CC=CC=C2C=C1)=O,None,7.4,1.0
FFFKK,OC(CC1=CC2=CC=CC=C2C=C1)=O,None,7.4,1.0
AV,OC(COC1=CC2=CC=C(C=C2C=C1)Br)=O,None,5.0,1.0
AV,OC(COC1=CC2=CC=C(C=C2C=C1)Br)=O,None,4.5,1.0
AV,OC(COC1=CC2=CC=C(C=C2C=C1)Br)=O,None,3.6,1.0
VG,OC(COC1=CC=CC2=C1C=CC=C2)=O,None,5.0,1.0
VV,OC(COC1=CC=CC2=C1C=CC=C2)=O,None,6.4,1.0
FG,OC(COC1=CC=CC2=C1C=CC=C2)=O,None,6.1,1.0
FV,OC(COC1=CC=CC2=C1C=CC=C2)=O,None,6.5,1.0
FF,OC(COC1=CC=CC2=C1C=CC=C2)=O,None,6.7,1.0
AA,OC(COC1=CC2=CC=CC=C2C=C1)=O,None,5.1,1.0
VG,OC(COC1=CC2=CC=CC=C2C=C1)=O,None,5.0,1.0
FG,OC(COC1=CC2=CC=CC=C2C=C1)=O,None,5.0,1.0
FV,OC(COC1=CC2=CC=CC=C2C=C1)=O,None,6.7,1.0
FF,OC(COC1=CC2=CC=CC=C2C=C1)=O,None,6.0,1.0
FF,OC(CC1=CC2=CC=CC=C2C=C1)=O,None,7.5,1.0
FF,OC(COC1=CC2=CC=CC=C2C=C1)=O,None,11.0,1.0
FF,OC(COC1=CC2=CC=CC=C2C=C1)=O,None,11.6,1.0
FF,OC(COC1=CC2=CC=CC=C2C=C1)=O,None,8.8,1.0
FF,OC(COC1=CC2=CC=CC=C2C=C1)=O,None,11.3,1.0
FF,OC(COC1=CC2=CC=CC=C2C=C1)=O,None,10.6,1.0
FF,OC(COC1=CC2=CC=CC=C2C=C1)=O,None,11.7,1.0
FF,OC(COC1=CC2=CC=CC=C2C=C1)=O,None,11.7,1.0
FF,OC(COC1=CC2=CC=CC=C2C=C1)=O,None,8.7,1.0
FF,OC(COC1=CC2=CC=CC=C2C=C1)=O,None,10.5,1.0
FF,OC(COC1=CC2=CC=CC=C2C=C1)=O,None,10.2,1.0
FF,OC(COC1=CC2=CC=CC=C2C=C1)=O,None,9.9,1.0
FF,OC(COC1=CC2=CC=CC=C2C=C1)=O,None,9.7,1.0
FF,OC(COC1=CC2=CC=CC=C2C=C1)=O,None,11.3,1.0
FF,OC(COC1=CC2=CC=CC=C2C=C1)=O,None,10.9,1.0
AAAAAAK,CC(O)=O,N,7.0,1.0
VVVVVVKK,CC(O)=O,N,7.0,1.0
LLLLLLKK,CC(O)=O,N,7.0,1.0
LLLLLLKKK,CC(O)=O,N,7.0,1.0
LVE,CC(O)=O,None,7.0,1.0
VIE,CC(O)=O,None,7.0,1.0
MYD,CC(O)=O,None,7.0,1.0
SKKKK,OC([C@@H](NC(CCCCCCCCCCCCCCC)=O)CSCC(OC(CCCCCCCCCCCCCCC)=O)COC(CCCCCCCCCCCCCCC)=O)=O,None,7.4,1.0
KLWVLPKCKKAAVV,None,N[C@@H](C(N)=O)CCCCNC(CCCCCCCCCCC)=O,7.0,1.0
GHK,CCCCCCCCCCCCCCCC(O)=O,None,7.0,1.0
KT,CCCCCCCCCCCCCCCC(O)=O,None,7.0,1.0
KTTKS,CCCCCCCCCCCCCCCC(O)=O,None,7.0,1.0
VVVAAAKKK,CCCCCCCCCCCCCCCC(O)=O,None,7.0,1.0
VVVAAAEEE,CCCCCCCCCCCCCCCC(O)=O,None,7.0,1.0
KKKVVVVVV,None,N[C@@H](CC(NCCCCCCCCCCC)=O)C(N)=O,7.0,1.0
EEEAAAVVV,None,N[C@@H](CC(NCCCCCCCCCCC)=O)C(N)=O,7.0,1.0
FFFEEE,CCCCCCCCCCCCCCCC(O)=O,None,7.0,1.0
AAAEEE,CCCCCCCCCCCCCCCC(O)=O,None,7.0,1.0
KEFFFFKE,None,N,6.2,1.0
KEFFFFEK,None,N,6.2,1.0
KFEFKFEF,None,N,6.2,1.0
AAAAAAEEE,CCCCCCCCCCCCCCCC(O)=O,None,7.0,1.0
VVAAEEGGREDKETV,CCCCCCCCCCCCCCCC(O)=O,None,7.0,1.0
VVAAEEGGTKREEVD,CCCCCCCCCCCCCCCC(O)=O,None,7.0,1.0
AAEEGGREDKETV,CCCCCCCCCCCCCCCC(O)=O,None,7.0,1.0
VVVAAAKKK,CCCCCCCCCCCCCCCC(O)=O,None,5.0,1.0
GANPNAAG,CCCCCCCCCCCCCC(O)=O ,None,7.0,1.0
GANPNAAG,CCCCCCCCCCCCCCCC(O)=O,None,7.0,1.0
GANPNAAG,CCCCCCCCCCCCCCCCCC(O)=O,None,7.0,1.0
GANPNAAG,OC(CCC#CC#CCCCCCCCCCCCCCCCCCC)=O,None,7.0,1.0
GANPNAAG,OC(CCCCCCCCC#CC#CCCCCCCCCCCCC)=O,None,7.0,1.0
GANPNAAG,OC(CCCCCCCCCCCCCCC#CC#CCCCCCC)=O,None,7.0,1.0
AAAAKKKK,CCCCCCCCCCCCCCCC(O)=O,None,7.0,1.0
AAAAHHHH,CCCCCCCCCCCCCCCC(O)=O,None,7.0,1.0
AAAAEEEE,CCCCCCCCCCCCCCCC(O)=O,None,7.0,1.0
AAAAAAAAKKKK,CCCCCCCCCCCCCCCC(O)=O,None,7.0,1.0
AAAAAAAAAAAAKKKK,CCCCCCCCCCCCCCCC(O)=O,None,7.0,1.0
VEKELVKEKL,OC(C1=CC=C(C=C1)B(O)O)=O,None,11.0,1.0
AELELARARL,OC(C1=CC=C(C=C1)B(O)O)=O,None,11.0,1.0
VVVAAAKKKRGDS,CCCCCCCCCCCCCCCC(O)=O,None,6.5,1.0
VVVAAAKKKDGSR,CCCCCCCCCCCCCCCC(O)=O,None,6.5,1.0
VVVAAAKKK,CCCCCCCCCCCCCCCC(O)=O,None,6.5,1.0
VVVAAARRR,CCCCCCCCCCCCCCCC(O)=O,None,6.5,1.0
VVVAAAEEE,CCCCCCCCCCCCCCCC(O)=O,None,6.5,1.0
LRKKLGKA,CCCCCCCCCCCCCCCC(O)=O,None,7.0,1.0
VVAAEE,CCCCCCCCCCCCCCCC(O)=O,None,9.0,1.0
KKSLSLSLSLSLSLKK,[H]NCCCC[C@H](NC([C@H](CCCCN[H])N[H])=O)C(N[C@@H](CO)C(N[C@H](C(N[C@@H](CO)C(N[C@H](C(N[C@@H](CO)C(N[C@H](C(N[C@@H](CO)C(N[C@H](C(N[C@@H](CO)C(N[C@H](C(N[C@@H](CO)C(N[C@H](C(N[C@@H](CCCCN[H])C(N[C@@H](CCCCN[H])C(O)=O)=O)=O)CC(C)C)=O)=O)CC(C)C)=O)=O)CC(C)C)=O)=O)CC(C)C)=O)=O)CC(C)C)=O)=O)CC(C)C)=O)=O,None,7.4,1.0
KSLSLSLRGSLSLSLK,[H]NCCCC[C@H](NC([C@@H](NC([C@H](CO)NC([C@@H](NC([C@H](CO)NC([C@@H](NC([C@H](CO)NC(CNC([C@H](CCCNC(N)=N)NC([C@@H](NC([C@H](CO)NC([C@@H](NC([C@H](CO)NC([C@@H](NC([C@H](CO)NC([C@H](CCCCN[H])N[H])=O)=O)CC(C)C)=O)=O)CC(C)C)=O)=O)CC(C)C)=O)=O)=O)=O)CC(C)C)=O)=O)CC(C)C)=O)=O)CC(C)C)=O)C(O)=O,None,7.4,1.0
KSLSLSLRGSLSLSLKGRGDS,[H]NCCCC[C@H](NC([C@@H](NC([C@H](CO)NC([C@@H](NC([C@H](CO)NC([C@@H](NC([C@H](CO)NC(CNC([C@H](CCCNC(N)=N)NC([C@@H](NC([C@H](CO)NC([C@@H](NC([C@H](CO)NC([C@@H](NC([C@H](CO)NC([C@H](CCCCN[H])N[H])=O)=O)CC(C)C)=O)=O)CC(C)C)=O)=O)CC(C)C)=O)=O)=O)=O)CC(C)C)=O)=O)CC(C)C)=O)=O)CC(C)C)=O)C(NCC(N[C@@H](CCCNC(N)=N)C(NCC(N[C@@H](CC(O)=O)C(N[C@@H](CO)C(O)=O)=O)=O)=O)=O)=O,None,7.4,1.0
KSLSLSLRGSLSLSLKGKLTWQELYQLKYKGI,[H]NCCCC[C@H](NC([C@@H](NC([C@H](CO)NC([C@@H](NC([C@H](CO)NC([C@@H](NC([C@H](CO)NC(CNC([C@H](CCCNC(N)=N)NC([C@@H](NC([C@H](CO)NC([C@@H](NC([C@H](CO)NC([C@@H](NC([C@H](CO)NC([C@H](CCCCN[H])N[H])=O)=O)CC(C)C)=O)=O)CC(C)C)=O)=O)CC(C)C)=O)=O)=O)=O)CC(C)C)=O)=O)CC(C)C)=O)=O)CC(C)C)=O)C(NCC(N[C@@H](CCCCN[H])C(N[C@H](C(N[C@]([C@H](O)C)([H])C(N[C@@H](CC1=CNC2=C1C=CC=C2)C(N[C@@H](CCC(N)=O)C(N[C@@H](CCC(O)=O)C(N[C@H](C(N[C@@H](CC(C=C3)=CC=C3O)C(N[C@@H](CCC(N)=O)C(N[C@H](C(N[C@@H](CCCCN[H])C(N[C@@H](CC(C=C4)=CC=C4O)C(N[C@@H](CCCCN[H])C(NCC(N[C@@](C(O)=O)([H])[C@@H](C)CC)=O)=O)=O)=O)=O)CC(C)C)=O)=O)=O)CC(C)C)=O)=O)=O)=O)=O)CC(C)C)=O)=O)=O,None,7.4,1.0
VVAGKYIGSR,CCCCCCCCCCCC(O)=O ,N ,7.4,1.0
VVAGKKRGD,CCCCCCCCCCCC(O)=O ,N ,7.4,1.0
VVAGK,CCCCCCCCCCCC(O)=O ,N ,7.4,1.0
VVAGE,CCCCCCCCCCCC(O)=O ,N ,7.4,1.0
AAAAAAEE,CCCCCCCCCCCCCCCC(O)=O,N ,7.5,1.0
EESLSLSLSLSLSLEEGRGDS,None,None,7.0,1.0
RADARADARADARADA,CC(O)=O,N,4.0,1.0
RADARADARADARADAIKVAV,CC(O)=O,N,4.0,1.0
VFDNFVLKK,CCCCCCCCCCCC(O)=O ,N,7.4,1.0
VVAGE,CCCCCCCCCCCC(O)=O ,N,7.4,1.0
VVAGK,CCCCCCCCCCCC(O)=O ,N,7.4,1.0
VVAAEE,CCCCCCCCCCCCCCCC(O)=O,N,7.4,1.0
VVAAEEEADEGVFDNFVLK,CCCCCCCCCCCCCCCC(O)=O,N,7.4,1.0
VVAAEE,CCCCCCCCCCCCCCCC(O)=O,N,7.4,1.0
VVAAEEEEGIKVAV,CCCCCCCCCCCCCCCC(O)=O,None,7.4,1.0
VVAAEEEEGVVIAK,CCCCCCCCCCCCCCCC(O)=O,None,7.4,1.0
VVAAEERGDS,CCCCCCCCCCCCCCCC(O)=O,N,7.4,1.0
VVAAEERSDG,CCCCCCCCCCCCCCCC(O)=O,N,7.4,1.0
KKSLSLSLSLSLSLKK,None,None,7.0,1.0
KKSLFLSLFLSLFLKK,None,None,7.0,1.0
KKSLYLSLYLSLYLKK,None,None,7.0,1.0
FF,None,None,7.0,1.0
FW,None,None,7.0,1.0
FF,None,None,7.0,1.0
LLL,OC(OCC1C2=C(C3=C1C=CC=C3)C=CC=C2)=O,OC,8.0,1.0
QQRQQQQQQQQ,CC(O)=O,N,2.0,1.0
QQRFQWQFQQQ,CC(O)=O,N,2.0,1.0
QQRQQQQQQQQ,CC(O)=O,N,2.0,1.0
QQRFQWQFQQQ,CC(O)=O,N,2.0,1.0
GAGAGAGY,CCCCCCCCCCCC(O)=O ,None,9.0,1.0
GAGAGAGY,CCCCCCCCCCCC(O)=O ,None,4.0,1.0
KKKLLLLLLLLLLLL,None,N,0.7,1.0
KKKLLLLLLLLLLLL,None,N,3.5,1.0
KKKLLLLLLLLLLLL,None,N,9.0,1.0
KKKLLLLLLLLLLLL,None,N,0.7,1.0
KKKLLLLLLLLLLLL,None,N,3.5,1.0
KKKLLLLLLLLLLLL,None,N,9.0,1.0
KKKLLLLLLLLLLLL,None,N,0.7,1.0
KKKLLLLLLLLLLLL,None,N,3.5,1.0
KKKLLLLLLLLLLLL,None,N,9.0,1.0
KKKLLLLLLLLLLLL,None,N,1.8,1.0
KKKLLLLLLLLLLLL,None,N,8.3,1.0
KKKLLLLLLLLLLLL,None,N,10.5,1.0
KKKLLLLLLLLLLLL,None,N,1.8,1.0
KKKLLLLLLLLLLLL,None,N,8.3,1.0
KKKLLLLLLLLLLLL,None,N,1.8,1.0
KKKLLLLLLLLLLLL,None,N,8.3,1.0
KKKLLLLLLLLLLLL,None,N,10.5,1.0
RADARADARADARADA,CC(O)=O,N,4.0,1.0
RADARADARADARADAGGSKPPGTSS,CC(O)=O,N,4.0,1.0
RADARADARADARADAGGFHIRRIKA,CC(O)=O,N,4.0,1.0
RADARADARADARADAGPRGDSGYRGDS,CC(O)=O,N,4.0,1.0
GRKKRRQRRRPPQ,CCCCCCCCCCCCCCCCCC(NCCCCC(NC(CCCCCCCCCCCCCCCCC)=O)C(NCCCCC(NC(C(NC(CCCCCCCCCCCCCCCCC)=O)CCCCNC(CCCCCCCCCCCCCCCCC)=O)=O)C(N[C@H](CCCCNC(C(CCCCNC(C(NC(CCCCCCCCCCCCCCCCC)=O)CCCCNC(CCCCCCCCCCCCCCCCC)=O)=O)NC(C(NC(CCCCCCCCCCCCCCCCC)=O)CCCCNC(CCCCCCCCCCCCCCCCC)=O)=O)=O)C(N[C@H](CC1=CNC2=C1C=CC=C2)C(NCCCCCC(O)=O)=O)=O)=O)=O)=O,N,7.0,1.0
GRKKRRQRRRPPQ,OC(CCCCCNC([C@H](NC([C@@H](CCCCNC(C(NC(CCCCCNC(C(C(CC)C)NC(C)=O)=O)=O)CCCCNC(CCCCNC(C(C(CC)C)NC(C)=O)=O)=O)=O)NC(C(NC(CCCCCNC(C(C(CC)C)NC(C)=O)=O)=O)CCCCNC(CCCCNC(C(C(CC)C)NC(C)=O)=O)=O)=O)=O)CC1=CNC2=C1C=CC=C2)=O)=O,N,7.0,1.0
HSETFTSDGEEEAAVVK,None,O=CCCCCCCCCCCC,7.4,1.0
AAAAGGGEIKVAV,CCCCCCCCCCCCCCCC(O)=O,None,7.5,1.0
SLSLGGGEIKVAV,CCCCCCCCCCCCCCCC(O)=O,None,7.5,1.0
SLSLAAAEIKVAV,CCCCCCCCCCCCCCCC(O)=O,None,7.5,1.0
AAAAGGGEEE,CCCCCCCCCCCCCCCC(O)=O,None,7.5,1.0
SLSLAAAEEE,CCCCCCCCCCCCCCCC(O)=O,None,7.5,1.0
CCCCGGGSRGD,CCCCCCCCCCCCCCCC(O)=O,None,7.5,1.0
AAAGGEQS,CCCCCCCCCCCCCCCC(O)=O,None,7.5,1.0
AAAAGGGERGDS,CCCCCCCCCCCCCCCC(O)=O,None,7.5,1.0
CCCCGGGEIKVAV,CCCCCCCCCCCCCCCC(O)=O,None,7.5,1.0
CCCCGGGKIKVAV,CCCCCCCCCCCCCCCC(O)=O,N,7.5,1.0
CCCCGGGSRGD,CCCCCCCCCCCCCCCC(O)=O,None,7.5,1.0
AAAGGEQS,CCCCCCCCCCCCCCCC(O)=O,None,7.5,1.0
AAAAGGGERGDS,CCCCCCCCCCCCCCCC(O)=O,None,7.5,1.0
CCCCGGGEIKVAV,CCCCCCCCCCCCCCCC(O)=O,None,7.5,1.0
CCCCGGGKIKVAV,CCCCCCCCCCCCCCCC(O)=O,N,7.5,1.0
CCCCGGGSRGD,CCCCCCCCCCCCCCCC(O)=O,None,7.5,1.0
AAAGGEQS,CCCCCCCCCCCCCCCC(O)=O,None,7.5,1.0
AAAAGGGERGDS,CCCCCCCCCCCCCCCC(O)=O,None,7.5,1.0
CCCCGGGEIKVAV,CCCCCCCCCCCCCCCC(O)=O,None,7.5,1.0
CCCCGGGKIKVAV,CCCCCCCCCCCCCCCC(O)=O,N,7.5,1.0
CCCCGGGSRGD,CCCCCCCCCCCCCCCC(O)=O,None,7.5,1.0
AAAGGEQS,CCCCCCCCCCCCCCCC(O)=O,None,7.5,1.0
AAAAGGGERGDS,CCCCCCCCCCCCCCCC(O)=O,None,7.5,1.0
CCCCGGGEIKVAV,CCCCCCCCCCCCCCCC(O)=O,None,7.5,1.0
CCCCGGGKIKVAV,CCCCCCCCCCCCCCCC(O)=O,N,7.5,1.0
CCCCGGGSRGD,CCCCCCCCCCCCCCCC(O)=O,None,7.5,1.0
AAAGGEQS,CCCCCCCCCCCCCCCC(O)=O,None,7.5,1.0
AAAAGGGERGDS,CCCCCCCCCCCCCCCC(O)=O,None,7.5,1.0
CCCCGGGEIKVAV,CCCCCCCCCCCCCCCC(O)=O,None,7.5,1.0
CCCCGGGKIKVAV,CCCCCCCCCCCCCCCC(O)=O,N,7.5,1.0
CCCCGGGSRGD,CCCCCCCCCCCCCCCC(O)=O,None,7.5,1.0
AAAGGEQS,CCCCCCCCCCCCCCCC(O)=O,None,7.5,1.0
AAAAGGGERGDS,CCCCCCCCCCCCCCCC(O)=O,None,7.5,1.0
CCCCGGGEIKVAV,CCCCCCCCCCCCCCCC(O)=O,None,7.5,1.0
CCCCGGGKIKVAV,CCCCCCCCCCCCCCCC(O)=O,N,7.5,1.0
CCCCGGGSRGD,CCCCCCCCCCCCCCCC(O)=O,None,7.5,1.0
AAAGGEQS,CCCCCCCCCCCCCCCC(O)=O,None,7.5,1.0
AAAAGGGERGDS,CCCCCCCCCCCCCCCC(O)=O,None,7.5,1.0
CCCCGGGEIKVAV,CCCCCCCCCCCCCCCC(O)=O,None,7.5,1.0
CCCCGGGKIKVAV,CCCCCCCCCCCCCCCC(O)=O,N,7.5,1.0
KKLLAK,None,N[C@H](C(N)=O)CCCCNC(CCCCCCCCC#CC#CCCCCCCCCCCCC)=O,7.0,1.0
AAAGGGKLAKLAKKLAKLAK,CCCCCCCCCCCCCCCC(O)=O,None,7.4,1.0
AAAAAAK,CC(O)=O,None,7.2,1.0
AAAAAAAAAK,CC(O)=O,None,7.2,1.0
GGGGGGGERGDS,CCCCCCCCCCCCCCCC(O)=O,None,7.4,1.0
GGGGGGAERGDS,CCCCCCCCCCCCCCCC(O)=O,None,7.4,1.0
GGGGGAEGRGDS,CCCCCCCCCCCCCCCC(O)=O,None,7.4,1.0
GGGGAGGERGDS,CCCCCCCCCCCCCCCC(O)=O,None,7.4,1.0
GGGAGGGERGDS,CCCCCCCCCCCCCCCC(O)=O,None,7.4,1.0
GGAGGGGERGDS,CCCCCCCCCCCCCCCC(O)=O,None,7.4,1.0
GAGGGGGERGDS,CCCCCCCCCCCCCCCC(O)=O,None,7.4,1.0
AGGGGGGERGDS,CCCCCCCCCCCCCCCC(O)=O,None,7.4,1.0
LLLKKK,OC(CCCCCNC(CCCC1=C2CC=C3CC=CC4=C3C2=C(C=C1)C=C4)=O)=O,N,10.0,1.0
AAAAGGGKRGDS,OC(OC1CC2=CCC3C([C@@]4(CCC3[C@]2(CC1)C)C)CC[C@@H]4[C@@H](CCCC(C)C)C)=O,N,10.0,1.0
AAAAGGGKRGDS,CCCCCCCCCCCCCCCC(O)=O,N,10.0,1.0
AAAAGGEGRGDS,OC(OC1CC2=CCC3C([C@@]4(CCC3[C@]2(CC1)C)C)CC[C@@H]4[C@@H](CCCC(C)C)C)=O,N,10.0,1.0
AAAAGGEGRGDS,CCCCCCCCCCCCCCCC(O)=O,N,10.0,1.0
AAAAGGGEIKVAV,CCCCCCCCCCCCCCCC(O)=O,None,9.0,1.0
GANPNAAG,CCCCCCCCCCCCCCCC(O)=O,None,7.0,1.0
GANPNAAG,CCCCCCCCCCCCCCCCCC(O)=O,None,7.0,1.0
GANPNAAG,OC(CCCCCCCCC#CC#CCCCCCCCCCC)=O,None,7.0,1.0
GANPNAAG,OC(CCCCCCCCC#CC#CCCCCCCCCCCCC)=O,None,7.0,1.0
AAAAGGGEIKVAV,CCCCCCCCCCCCCCCC(O)=O,None,7.0,1.0
AAAAGGGEIKVAV,CCCCCCCCCCCCCCCC(O)=O,None,7.0,1.0
KKLLAK,None,N[C@H](C(N)=O)CCCCNC(CCCCCCCCC#CC#CCCCCCCCCCCCC)=O,7.4,1.0
RGDSKKLLAK,None,N[C@H](C(N)=O)CCCCNC(CCCCCCCCC#CC#CCCCCCCCCCCCC)=O,7.4,1.0
AAAAGGGLRKKLGKA,CCCCCCCCCCCCCCCC(O)=O,N,7.4,1.0
AAAAGGGLLGARKKK,CCCCCCCCCCCCCCCC(O)=O,N,7.4,1.0
AAAAAAD,CC(O)=O,None,7.4,1.0
AAAAAAK,CC(O)=O,N ,7.4,1.0
GAAVILRR,CC(O)=O,N ,7.0,1.0
DL,CCCCCCCCCCCCCCCC(O)=O,N,7.4,1.0
DF,CCCCCCCCCCCCCCCC(O)=O,N,7.4,1.0
RY,CCCCCCCCCCCCCCCC(O)=O,N,7.4,1.0
RW,CCCCCCCCCCCCCCCC(O)=O,N,7.4,1.0
EW,CCCCCCCCCCCCCCCC(O)=O,N,7.4,1.0
EL,CCCCCCCCCCCCCCCC(O)=O,N,7.4,1.0
ME,CCCCCCCCCCCCCCCC(O)=O,N,7.4,1.0
KW,CCCCCCCCCCCCCCCC(O)=O,N,7.4,1.0
RF,CCCCCCCCCCCCCCCC(O)=O,N,7.4,1.0
YRC,CCCCCCCCCCCCCCCC(O)=O,N,7.4,1.0
HVD,CCCCCCCCCCCCCCCC(O)=O,N,7.4,1.0
KGF,CCCCCCCCCCCCCCCC(O)=O,N,7.4,1.0
NRW,CCCCCCCCCCCCCCCC(O)=O,N,7.4,1.0
WRP,CCCCCCCCCCCCCCCC(O)=O,N,7.4,1.0
SKC,CCCCCCCCCCCCCCCC(O)=O,N,7.4,1.0
TDW,CCCCCCCCCCCCCCCC(O)=O,N,7.4,1.0
KPL,CCCCCCCCCCCCCCCC(O)=O,N,7.4,1.0
SKW,CCCCCCCCCCCCCCCC(O)=O,N,7.4,1.0
RHL,CCCCCCCCCCCCCCCC(O)=O,N,7.4,1.0
LDF,CCCCCCCCCCCCCCCC(O)=O,N,7.4,1.0
CWK,CCCCCCCCCCCCCCCC(O)=O,N,7.4,1.0
RVI,CCCCCCCCCCCCCCCC(O)=O,N,7.4,1.0
KPF,CCCCCCCCCCCCCCCC(O)=O,N,7.4,1.0
KFI,CCCCCCCCCCCCCCCC(O)=O,N,7.4,1.0
KFF,CCCCCCCCCCCCCCCC(O)=O,N,7.4,1.0
EFD,CCCCCCCCCCCCCCCC(O)=O,N,7.4,1.0
IEH,CCCCCCCCCCCCCCCC(O)=O,N,7.4,1.0
EQW,CCCCCCCCCCCCCCCC(O)=O,N,7.4,1.0
TRW,CCCCCCCCCCCCCCCC(O)=O,N,7.4,1.0
WRW,CCCCCCCCCCCCCCCC(O)=O,N,7.4,1.0
LDV,CCCCCCCCCCCCCCCC(O)=O,N,7.4,1.0
VYD,CCCCCCCCCCCCCCCC(O)=O,N,7.4,1.0
RYP,CCCCCCCCCCCCCCCC(O)=O,N,7.4,1.0
WKS,CCCCCCCCCCCCCCCC(O)=O,N,7.4,1.0
DFW,CCCCCCCCCCCCCCCC(O)=O,N,7.4,1.0
HHD,CCCCCCCCCCCCCCCC(O)=O,N,7.4,1.0
RYQ,CCCCCCCCCCCCCCCC(O)=O,N,7.4,1.0
YKK,CCCCCCCCCCCCCCCC(O)=O,N,7.4,1.0
HWR,CCCCCCCCCCCCCCCC(O)=O,N,7.4,1.0
CWD,CCCCCCCCCCCCCCCC(O)=O,N,7.4,1.0
DRW,CCCCCCCCCCCCCCCC(O)=O,N,7.4,1.0
DCW,CCCCCCCCCCCCCCCC(O)=O,N,7.4,1.0
RCP,CCCCCCCCCCCCCCCC(O)=O,N,7.4,1.0
YEH,CCCCCCCCCCCCCCCC(O)=O,N,7.4,1.0
SKD,CCCCCCCCCCCCCCCC(O)=O,N,7.4,1.0
EWY,CCCCCCCCCCCCCCCC(O)=O,N,7.4,1.0
PKE,CCCCCCCCCCCCCCCC(O)=O,N,7.4,1.0
IDP,CCCCCCCCCCCCCCCC(O)=O,N,7.4,1.0
RWV,CCCCCCCCCCCCCCCC(O)=O,N,7.4,1.0
ECP,CCCCCCCCCCCCCCCC(O)=O,N,7.4,1.0
FEP,CCCCCCCCCCCCCCCC(O)=O,N,7.4,1.0
PCD,CCCCCCCCCCCCCCCC(O)=O,N,7.4,1.0
EYQ,CCCCCCCCCCCCCCCC(O)=O,N,7.4,1.0
HWK,CCCCCCCCCCCCCCCC(O)=O,N,7.4,1.0
HKI,CCCCCCCCCCCCCCCC(O)=O,N,7.4,1.0
RAP,CCCCCCCCCCCCCCCC(O)=O,N,7.4,1.0
DGW,CCCCCCCCCCCCCCCC(O)=O,N,7.4,1.0
EEW,CCCCCCCCCCCCCCCC(O)=O,N,7.4,1.0
WPTD,CCCCCCCCCCCCCCCC(O)=O,N,7.4,1.0
PDVW,CCCCCCCCCCCCCCCC(O)=O,N,7.4,1.0
ISIK,CCCCCCCCCCCCCCCC(O)=O,N,7.4,1.0
IPKT,CCCCCCCCCCCCCCCC(O)=O,N,7.4,1.0
MYKN,CCCCCCCCCCCCCCCC(O)=O,N,7.4,1.0
EYIT,CCCCCCCCCCCCCCCC(O)=O,N,7.4,1.0
QRHH,CCCCCCCCCCCCCCCC(O)=O,N,7.4,1.0
WRSE,CCCCCCCCCCCCCCCC(O)=O,N,7.4,1.0
PSRC,CCCCCCCCCCCCCCCC(O)=O,N,7.4,1.0
DFCE,CCCCCCCCCCCCCCCC(O)=O,N,7.4,1.0
LDSK,CCCCCCCCCCCCCCCC(O)=O,N,7.4,1.0
PRFP,CCCCCCCCCCCCCCCC(O)=O,N,7.4,1.0
EVAV,CCCCCCCCCCCCCCCC(O)=O,N,7.4,1.0
CETF,CCCCCCCCCCCCCCCC(O)=O,N,7.4,1.0
PFHD,CCCCCCCCCCCCCCCC(O)=O,N,7.4,1.0
EFVS,CCCCCCCCCCCCCCCC(O)=O,N,7.4,1.0
RIFH,CCCCCCCCCCCCCCCC(O)=O,N,7.4,1.0
WEDD,CCCCCCCCCCCCCCCC(O)=O,N,7.4,1.0
EILF,CCCCCCCCCCCCCCCC(O)=O,N,7.4,1.0
MFWE,CCCCCCCCCCCCCCCC(O)=O,N,7.4,1.0
FMVR,CCCCCCCCCCCCCCCC(O)=O,N,7.4,1.0
MLDI,CCCCCCCCCCCCCCCC(O)=O,N,7.4,1.0
FLEY,CCCCCCCCCCCCCCCC(O)=O,N,7.4,1.0
CCWE,CCCCCCCCCCCCCCCC(O)=O,N,7.4,1.0
YEFT,CCCCCCCCCCCCCCCC(O)=O,N,7.4,1.0
PEHP,CCCCCCCCCCCCCCCC(O)=O,N,7.4,1.0
FWYD,CCCCCCCCCCCCCCCC(O)=O,N,7.4,1.0
MHRF,CCCCCCCCCCCCCCCC(O)=O,N,7.4,1.0
VKFL,CCCCCCCCCCCCCCCC(O)=O,N,7.4,1.0
IRYN,CCCCCCCCCCCCCCCC(O)=O,N,7.4,1.0
GFEL,CCCCCCCCCCCCCCCC(O)=O,N,7.4,1.0
WFTD,CCCCCCCCCCCCCCCC(O)=O,N,7.4,1.0
GRFF,CCCCCCCCCCCCCCCC(O)=O,N,7.4,1.0
MKAR,CCCCCCCCCCCCCCCC(O)=O,N,7.4,1.0
PPAK,CCCCCCCCCCCCCCCC(O)=O,N,7.4,1.0
EMIA,CCCCCCCCCCCCCCCC(O)=O,N,7.4,1.0
SRCL,CCCCCCCCCCCCCCCC(O)=O,N,7.4,1.0
MDHF,CCCCCCCCCCCCCCCC(O)=O,N,7.4,1.0
IGHK,CCCCCCCCCCCCCCCC(O)=O,N,7.4,1.0
DFLC,CCCCCCCCCCCCCCCC(O)=O,N,7.4,1.0
VSDV,CCCCCCCCCCCCCCCC(O)=O,N,7.4,1.0
CDSY,CCCCCCCCCCCCCCCC(O)=O,N,7.4,1.0
KAFM,CCCCCCCCCCCCCCCC(O)=O,N,7.4,1.0
PQWK,CCCCCCCCCCCCCCCC(O)=O,N,7.4,1.0
IMEI,CCCCCCCCCCCCCCCC(O)=O,N,7.4,1.0
VFTD,CCCCCCCCCCCCCCCC(O)=O,N,7.4,1.0
KPPM,CCCCCCCCCCCCCCCC(O)=O,N,7.4,1.0
LTDL,CCCCCCCCCCCCCCCC(O)=O,N,7.4,1.0
LVEH,CCCCCCCCCCCCCCCC(O)=O,N,7.4,1.0
MRPI,CCCCCCCCCCCCCCCC(O)=O,N,7.4,1.0
EFFY,CCCCCCCCCCCCCCCC(O)=O,N,7.4,1.0
WRCD,CCCCCCCCCCCCCCCC(O)=O,N,7.4,1.0
YFWE,CCCCCCCCCCCCCCCC(O)=O,N,7.4,1.0
FFVE,CCCCCCCCCCCCCCCC(O)=O,N,7.4,1.0
TNKW,CCCCCCCCCCCCCCCC(O)=O,N,7.4,1.0
KYYI,CCCCCCCCCCCCCCCC(O)=O,N,7.4,1.0
KGLR,CCCCCCCCCCCCCCCC(O)=O,N,7.4,1.0
FPGR,CCCCCCCCCCCCCCCC(O)=O,N,7.4,1.0
ITKW,CCCCCCCCCCCCCCCC(O)=O,N,7.4,1.0
HYRM,CCCCCCCCCCCCCCCC(O)=O,N,7.4,1.0
RVPL,CCCCCCCCCCCCCCCC(O)=O,N,7.4,1.0
WCDP,CCCCCCCCCCCCCCCC(O)=O,N,7.4,1.0
LWAR,CCCCCCCCCCCCCCCC(O)=O,N,7.4,1.0
FKRP,CCCCCCCCCCCCCCCC(O)=O,N,7.4,1.0
RGPW,CCCCCCCCCCCCCCCC(O)=O,N,7.4,1.0
PHEQ,CCCCCCCCCCCCCCCC(O)=O,N,7.4,1.0
LTHD,CCCCCCCCCCCCCCCC(O)=O,N,7.4,1.0
KFGP,CCCCCCCCCCCCCCCC(O)=O,N,7.4,1.0
ADMF,CCCCCCCCCCCCCCCC(O)=O,N,7.4,1.0
AKFC,CCCCCCCCCCCCCCCC(O)=O,N,7.4,1.0
EWPW,CCCCCCCCCCCCCCCC(O)=O,N,7.4,1.0
PRWA,CCCCCCCCCCCCCCCC(O)=O,N,7.4,1.0
HWWK,CCCCCCCCCCCCCCCC(O)=O,N,7.4,1.0
KGYN,CCCCCCCCCCCCCCCC(O)=O,N,7.4,1.0
EWIA,CCCCCCCCCCCCCCCC(O)=O,N,7.4,1.0
WSRL,CCCCCCCCCCCCCCCC(O)=O,N,7.4,1.0
YCRD,CCCCCCCCCCCCCCCC(O)=O,N,7.4,1.0
YNYE,CCCCCCCCCCCCCCCC(O)=O,N,7.4,1.0
AEPP,CCCCCCCCCCCCCCCC(O)=O,N,7.4,1.0
FRTC,CCCCCCCCCCCCCCCC(O)=O,N,7.4,1.0
YDLF,CCCCCCCCCCCCCCCC(O)=O,N,7.4,1.0
KSIW,CCCCCCCCCCCCCCCC(O)=O,N,7.4,1.0
YCEF,CCCCCCCCCCCCCCCC(O)=O,N,7.4,1.0
DMIM,CCCCCCCCCCCCCCCC(O)=O,N,7.4,1.0
ARIIP,CCCCCCCCCCCCCCCC(O)=O,N,7.4,1.0
KFCRP,CCCCCCCCCCCCCCCC(O)=O,N,7.4,1.0
YADKA,CCCCCCCCCCCCCCCC(O)=O,N,7.4,1.0
YVWEI,CCCCCCCCCCCCCCCC(O)=O,N,7.4,1.0
HKEFC,CCCCCCCCCCCCCCCC(O)=O,N,7.4,1.0
PHWDF,CCCCCCCCCCCCCCCC(O)=O,N,7.4,1.0
VDCYM,CCCCCCCCCCCCCCCC(O)=O,N,7.4,1.0
LMRHR,CCCCCCCCCCCCCCCC(O)=O,N,7.4,1.0
RVHFH,CCCCCCCCCCCCCCCC(O)=O,N,7.4,1.0
SLYRH,CCCCCCCCCCCCCCCC(O)=O,N,7.4,1.0
PTPRS,CCCCCCCCCCCCCCCC(O)=O,N,7.4,1.0
WQCRP,CCCCCCCCCCCCCCCC(O)=O,N,7.4,1.0
LGRIV,CCCCCCCCCCCCCCCC(O)=O,N,7.4,1.0
NRFDY,CCCCCCCCCCCCCCCC(O)=O,N,7.4,1.0
MECCS,CCCCCCCCCCCCCCCC(O)=O,N,7.4,1.0
WDVVH,CCCCCCCCCCCCCCCC(O)=O,N,7.4,1.0
PYCFD,CCCCCCCCCCCCCCCC(O)=O,N,7.4,1.0
LNVWR,CCCCCCCCCCCCCCCC(O)=O,N,7.4,1.0
TLMPD,CCCCCCCCCCCCCCCC(O)=O,N,7.4,1.0
YDGWI,CCCCCCCCCCCCCCCC(O)=O,N,7.4,1.0
EVFRH,CCCCCCCCCCCCCCCC(O)=O,N,7.4,1.0
IDMIF,CCCCCCCCCCCCCCCC(O)=O,N,7.4,1.0
HKIWL,CCCCCCCCCCCCCCCC(O)=O,N,7.4,1.0
LITWD,CCCCCCCCCCCCCCCC(O)=O,N,7.4,1.0
MKLCY,CCCCCCCCCCCCCCCC(O)=O,N,7.4,1.0
RFDVL,CCCCCCCCCCCCCCCC(O)=O,N,7.4,1.0
KLKTI,CCCCCCCCCCCCCCCC(O)=O,N,7.4,1.0
TCLTR,CCCCCCCCCCCCCCCC(O)=O,N,7.4,1.0
QPDHV,CCCCCCCCCCCCCCCC(O)=O,N,7.4,1.0
CWTKG,CCCCCCCCCCCCCCCC(O)=O,N,7.4,1.0
ANDGW,CCCCCCCCCCCCCCCC(O)=O,N,7.4,1.0
VTHLE,CCCCCCCCCCCCCCCC(O)=O,N,7.4,1.0
FEEGI,CCCCCCCCCCCCCCCC(O)=O,N,7.4,1.0
WLHET,CCCCCCCCCCCCCCCC(O)=O,N,7.4,1.0
IQKTY,CCCCCCCCCCCCCCCC(O)=O,N,7.4,1.0
VKIMA,CCCCCCCCCCCCCCCC(O)=O,N,7.4,1.0
VVPLK,CCCCCCCCCCCCCCCC(O)=O,N,7.4,1.0
YDVSK,CCCCCCCCCCCCCCCC(O)=O,N,7.4,1.0
MWRCV,CCCCCCCCCCCCCCCC(O)=O,N,7.4,1.0
FDYRP,CCCCCCCCCCCCCCCC(O)=O,N,7.4,1.0
DVKIH,CCCCCCCCCCCCCCCC(O)=O,N,7.4,1.0
PLFSK,CCCCCCCCCCCCCCCC(O)=O,N,7.4,1.0
DMICA,CCCCCCCCCCCCCCCC(O)=O,N,7.4,1.0
FKMVA,CCCCCCCCCCCCCCCC(O)=O,N,7.4,1.0
HPDVL,CCCCCCCCCCCCCCCC(O)=O,N,7.4,1.0
FYQND,CCCCCCCCCCCCCCCC(O)=O,N,7.4,1.0
FRWVP,CCCCCCCCCCCCCCCC(O)=O,N,7.4,1.0
ALLRL,CCCCCCCCCCCCCCCC(O)=O,N,7.4,1.0
PCVKH,CCCCCCCCCCCCCCCC(O)=O,N,7.4,1.0
EPNSD,CCCCCCCCCCCCCCCC(O)=O,N,7.4,1.0
VAFEA,CCCCCCCCCCCCCCCC(O)=O,N,7.4,1.0
RIVPP,CCCCCCCCCCCCCCCC(O)=O,N,7.4,1.0
DTMVI,CCCCCCCCCCCCCCCC(O)=O,N,7.4,1.0
GIKSF,CCCCCCCCCCCCCCCC(O)=O,N,7.4,1.0
LVPVK,CCCCCCCCCCCCCCCC(O)=O,N,7.4,1.0
FDMET,CCCCCCCCCCCCCCCC(O)=O,N,7.4,1.0
CKVLM,CCCCCCCCCCCCCCCC(O)=O,N,7.4,1.0
WKWRW,CCCCCCCCCCCCCCCC(O)=O,N,7.4,1.0
EFYSD,CCCCCCCCCCCCCCCC(O)=O,N,7.4,1.0
RLVEI,CCCCCCCCCCCCCCCC(O)=O,N,7.4,1.0
LDCWI,CCCCCCCCCCCCCCCC(O)=O,N,7.4,1.0
WDYEE,CCCCCCCCCCCCCCCC(O)=O,N,7.4,1.0
ALLDI,CCCCCCCCCCCCCCCC(O)=O,N,7.4,1.0
RPSWW,CCCCCCCCCCCCCCCC(O)=O,N,7.4,1.0
FVYRN,CCCCCCCCCCCCCCCC(O)=O,N,7.4,1.0
AFPEE,CCCCCCCCCCCCCCCC(O)=O,N,7.4,1.0
WDYQI,CCCCCCCCCCCCCCCC(O)=O,N,7.4,1.0
WYEIT,CCCCCCCCCCCCCCCC(O)=O,N,7.4,1.0
EISEI,CCCCCCCCCCCCCCCC(O)=O,N,7.4,1.0
WNGES,CCCCCCCCCCCCCCCC(O)=O,N,7.4,1.0
LQIVK,CCCCCCCCCCCCCCCC(O)=O,N,7.4,1.0
PPEHV,CCCCCCCCCCCCCCCC(O)=O,N,7.4,1.0
YIRVY,CCCCCCCCCCCCCCCC(O)=O,N,7.4,1.0
HWRTI,CCCCCCCCCCCCCCCC(O)=O,N,7.4,1.0
DVKDV,CCCCCCCCCCCCCCCC(O)=O,N,7.4,1.0
GKHLL,CCCCCCCCCCCCCCCC(O)=O,N,7.4,1.0
VDDLL,CCCCCCCCCCCCCCCC(O)=O,N,7.4,1.0
PELFT,CCCCCCCCCCCCCCCC(O)=O,N,7.4,1.0
WMVEQ,CCCCCCCCCCCCCCCC(O)=O,N,7.4,1.0
MDGYW,CCCCCCCCCCCCCCCC(O)=O,N,7.4,1.0
KCQIL,CCCCCCCCCCCCCCCC(O)=O,N,7.4,1.0
FWYTD,CCCCCCCCCCCCCCCC(O)=O,N,7.4,1.0
WKFCY,CCCCCCCCCCCCCCCC(O)=O,N,7.4,1.0
KCVTF,CCCCCCCCCCCCCCCC(O)=O,N,7.4,1.0
GQRMI,CCCCCCCCCCCCCCCC(O)=O,N,7.4,1.0
LMRWN,CCCCCCCCCCCCCCCC(O)=O,N,7.4,1.0
DATWI,CCCCCCCCCCCCCCCC(O)=O,N,7.4,1.0
DIRFW,CCCCCCCCCCCCCCCC(O)=O,N,7.4,1.0
YPDSH,CCCCCCCCCCCCCCCC(O)=O,N,7.4,1.0
WCKNM,CCCCCCCCCCCCCCCC(O)=O,N,7.4,1.0
KFSPR,CCCCCCCCCCCCCCCC(O)=O,N,7.4,1.0
WCEHQR,CCCCCCCCCCCCCCCC(O)=O,N,7.4,1.0
LCRLWQ,CCCCCCCCCCCCCCCC(O)=O,N,7.4,1.0
VPDMHF,CCCCCCCCCCCCCCCC(O)=O,N,7.4,1.0
RPVVDY,CCCCCCCCCCCCCCCC(O)=O,N,7.4,1.0
MYANTK,CCCCCCCCCCCCCCCC(O)=O,N,7.4,1.0
MLRFML,CCCCCCCCCCCCCCCC(O)=O,N,7.4,1.0
YFLEVN,CCCCCCCCCCCCCCCC(O)=O,N,7.4,1.0
WPWRLY,CCCCCCCCCCCCCCCC(O)=O,N,7.4,1.0
YQFVCD,CCCCCCCCCCCCCCCC(O)=O,N,7.4,1.0
YVDFCQ,CCCCCCCCCCCCCCCC(O)=O,N,7.4,1.0
PWSDVH,CCCCCCCCCCCCCCCC(O)=O,N,7.4,1.0
DMVPPY,CCCCCCCCCCCCCCCC(O)=O,N,7.4,1.0
ELNEGY,CCCCCCCCCCCCCCCC(O)=O,N,7.4,1.0
TCPQDL,CCCCCCCCCCCCCCCC(O)=O,N,7.4,1.0
VTELMD,CCCCCCCCCCCCCCCC(O)=O,N,7.4,1.0
MKIYSN,CCCCCCCCCCCCCCCC(O)=O,N,7.4,1.0
PDSMQW,CCCCCCCCCCCCCCCC(O)=O,N,7.4,1.0
MHKMMW,CCCCCCCCCCCCCCCC(O)=O,N,7.4,1.0
GIIRMA,CCCCCCCCCCCCCCCC(O)=O,N,7.4,1.0
IQYDPC,CCCCCCCCCCCCCCCC(O)=O,N,7.4,1.0
MHWCDF,CCCCCCCCCCCCCCCC(O)=O,N,7.4,1.0
VFFDFP,CCCCCCCCCCCCCCCC(O)=O,N,7.4,1.0
YPDHCI,CCCCCCCCCCCCCCCC(O)=O,N,7.4,1.0
MFHCRE,CCCCCCCCCCCCCCCC(O)=O,N,7.4,1.0
CIPDWQ,CCCCCCCCCCCCCCCC(O)=O,N,7.4,1.0
MVKDRL,CCCCCCCCCCCCCCCC(O)=O,N,7.4,1.0
WIGQWE,CCCCCCCCCCCCCCCC(O)=O,N,7.4,1.0
YELMLH,CCCCCCCCCCCCCCCC(O)=O,N,7.4,1.0
CHLEFM,CCCCCCCCCCCCCCCC(O)=O,N,7.4,1.0
YMRSMW,CCCCCCCCCCCCCCCC(O)=O,N,7.4,1.0
CTFDDP,CCCCCCCCCCCCCCCC(O)=O,N,7.4,1.0
IWLCKF,CCCCCCCCCCCCCCCC(O)=O,N,7.4,1.0
CWGIMR,CCCCCCCCCCCCCCCC(O)=O,N,7.4,1.0
PHHGHR,CCCCCCCCCCCCCCCC(O)=O,N,7.4,1.0
PYWRVI,CCCCCCCCCCCCCCCC(O)=O,N,7.4,1.0
IYDQAY,CCCCCCCCCCCCCCCC(O)=O,N,7.4,1.0
QPWFCE,CCCCCCCCCCCCCCCC(O)=O,N,7.4,1.0
APWWKM,CCCCCCCCCCCCCCCC(O)=O,N,7.4,1.0
TVPLNR,CCCCCCCCCCCCCCCC(O)=O,N,7.4,1.0
LEKGER,CCCCCCCCCCCCCCCC(O)=O,N,7.4,1.0
DFIEQE,CCCCCCCCCCCCCCCC(O)=O,N,7.4,1.0
MIYDMP,CCCCCCCCCCCCCCCC(O)=O,N,7.4,1.0
CWRVIL,CCCCCCCCCCCCCCCC(O)=O,N,7.4,1.0
YFRCCA,CCCCCCCCCCCCCCCC(O)=O,N,7.4,1.0
HVMCRT,CCCCCCCCCCCCCCCC(O)=O,N,7.4,1.0
CEAWLF,CCCCCCCCCCCCCCCC(O)=O,N,7.4,1.0
FMRWLQ,CCCCCCCCCCCCCCCC(O)=O,N,7.4,1.0
LMTQKE,CCCCCCCCCCCCCCCC(O)=O,N,7.4,1.0
CYEWAA,CCCCCCCCCCCCCCCC(O)=O,N,7.4,1.0
EGLYMN,CCCCCCCCCCCCCCCC(O)=O,N,7.4,1.0
EEMIPV,CCCCCCCCCCCCCCCC(O)=O,N,7.4,1.0
EREYIV,CCCCCCCCCCCCCCCC(O)=O,N,7.4,1.0
CGRPFV,CCCCCCCCCCCCCCCC(O)=O,N,7.4,1.0
IFISAD,CCCCCCCCCCCCCCCC(O)=O,N,7.4,1.0
QPVFRI,CCCCCCCCCCCCCCCC(O)=O,N,7.4,1.0
PTRSPM,CCCCCCCCCCCCCCCC(O)=O,N,7.4,1.0
WADVPM,CCCCCCCCCCCCCCCC(O)=O,N,7.4,1.0
KPLCVH,CCCCCCCCCCCCCCCC(O)=O,N,7.4,1.0
LWACDD,CCCCCCCCCCCCCCCC(O)=O,N,7.4,1.0
TMGQDF,CCCCCCCCCCCCCCCC(O)=O,N,7.4,1.0
VQQYQD,CCCCCCCCCCCCCCCC(O)=O,N,7.4,1.0
QVMFLD,CCCCCCCCCCCCCCCC(O)=O,N,7.4,1.0
LWRSWD,CCCCCCCCCCCCCCCC(O)=O,N,7.4,1.0
VHDFYY,CCCCCCCCCCCCCCCC(O)=O,N,7.4,1.0
RWVCDA,CCCCCCCCCCCCCCCC(O)=O,N,7.4,1.0
FWRGIH,CCCCCCCCCCCCCCCC(O)=O,N,7.4,1.0
WMQDAW,CCCCCCCCCCCCCCCC(O)=O,N,7.4,1.0
CSAIWR,CCCCCCCCCCCCCCCC(O)=O,N,7.4,1.0
FQLDPM,CCCCCCCCCCCCCCCC(O)=O,N,7.4,1.0
WFEPQQ,CCCCCCCCCCCCCCCC(O)=O,N,7.4,1.0
WYYKTY,CCCCCCCCCCCCCCCC(O)=O,N,7.4,1.0
FQQKKD,CCCCCCCCCCCCCCCC(O)=O,N,7.4,1.0
EICACI,CCCCCCCCCCCCCCCC(O)=O,N,7.4,1.0
DVDYEH,CCCCCCCCCCCCCCCC(O)=O,N,7.4,1.0
KVPMED,CCCCCCCCCCCCCCCC(O)=O,N,7.4,1.0
AEKCFF,CCCCCCCCCCCCCCCC(O)=O,N,7.4,1.0
EWPFDV,CCCCCCCCCCCCCCCC(O)=O,N,7.4,1.0
LWFPKF,CCCCCCCCCCCCCCCC(O)=O,N,7.4,1.0
YGREIF,CCCCCCCCCCCCCCCC(O)=O,N,7.4,1.0
WRGCYP,CCCCCCCCCCCCCCCC(O)=O,N,7.4,1.0
YECEGP,CCCCCCCCCCCCCCCC(O)=O,N,7.4,1.0
VMDHAF,CCCCCCCCCCCCCCCC(O)=O,N,7.4,1.0
FRCTTA,CCCCCCCCCCCCCCCC(O)=O,N,7.4,1.0
INDYSW,CCCCCCCCCCCCCCCC(O)=O,N,7.4,1.0
FSRGYW,CCCCCCCCCCCCCCCC(O)=O,N,7.4,1.0
WLKFEA,CCCCCCCCCCCCCCCC(O)=O,N,7.4,1.0
ICKFGD,CCCCCCCCCCCCCCCC(O)=O,N,7.4,1.0
ADMIPC,CCCCCCCCCCCCCCCC(O)=O,N,7.4,1.0
HFETTH,CCCCCCCCCCCCCCCC(O)=O,N,7.4,1.0
PEATYV,CCCCCCCCCCCCCCCC(O)=O,N,7.4,1.0
NAECYF,CCCCCCCCCCCCCCCC(O)=O,N,7.4,1.0
EDGLMW,CCCCCCCCCCCCCCCC(O)=O,N,7.4,1.0
RWSPIP,CCCCCCCCCCCCCCCC(O)=O,N,7.4,1.0
QDRLTF,CCCCCCCCCCCCCCCC(O)=O,N,7.4,1.0
LAVWYE,CCCCCCCCCCCCCCCC(O)=O,N,7.4,1.0
FLSANR,CCCCCCCCCCCCCCCC(O)=O,N,7.4,1.0
LIFDQP,CCCCCCCCCCCCCCCC(O)=O,N,7.4,1.0
GVGWRN,CCCCCCCCCCCCCCCC(O)=O,N,7.4,1.0
FDQQFY,CCCCCCCCCCCCCCCC(O)=O,N,7.4,1.0
VCIEQGA,CCCCCCCCCCCCCCCC(O)=O,N,7.4,1.0
WIRIFYN,CCCCCCCCCCCCCCCC(O)=O,N,7.4,1.0
CWAGRAI,CCCCCCCCCCCCCCCC(O)=O,N,7.4,1.0
RSLFWSH,CCCCCCCCCCCCCCCC(O)=O,N,7.4,1.0
REIFAAA,CCCCCCCCCCCCCCCC(O)=O,N,7.4,1.0
LWVDKWS,CCCCCCCCCCCCCCCC(O)=O,N,7.4,1.0
ELQWPHD,CCCCCCCCCCCCCCCC(O)=O,N,7.4,1.0
FRYWSRR,CCCCCCCCCCCCCCCC(O)=O,N,7.4,1.0
HAGIFVK,CCCCCCCCCCCCCCCC(O)=O,N,7.4,1.0
EFYDAMF,CCCCCCCCCCCCCCCC(O)=O,N,7.4,1.0
FGRHLFQ,CCCCCCCCCCCCCCCC(O)=O,N,7.4,1.0
WGDAINF,CCCCCCCCCCCCCCCC(O)=O,N,7.4,1.0
ASIFRQS,CCCCCCCCCCCCCCCC(O)=O,N,7.4,1.0
LGLFSMK,CCCCCCCCCCCCCCCC(O)=O,N,7.4,1.0
DVSLECF,CCCCCCCCCCCCCCCC(O)=O,N,7.4,1.0
VNDLFNI,CCCCCCCCCCCCCCCC(O)=O,N,7.4,1.0
MWPDVQM,CCCCCCCCCCCCCCCC(O)=O,N,7.4,1.0
YMAMYAD,CCCCCCCCCCCCCCCC(O)=O,N,7.4,1.0
AFSIFRH,CCCCCCCCCCCCCCCC(O)=O,N,7.4,1.0
EFCGDYC,CCCCCCCCCCCCCCCC(O)=O,N,7.4,1.0
MKAGHAY,CCCCCCCCCCCCCCCC(O)=O,N,7.4,1.0
NFIKITQ,CCCCCCCCCCCCCCCC(O)=O,N,7.4,1.0
YLWIMNK,CCCCCCCCCCCCCCCC(O)=O,N,7.4,1.0
HWEVVYW,CCCCCCCCCCCCCCCC(O)=O,N,7.4,1.0
VHMKIFC,CCCCCCCCCCCCCCCC(O)=O,N,7.4,1.0
FRYVAFP,CCCCCCCCCCCCCCCC(O)=O,N,7.4,1.0
WYITMRC,CCCCCCCCCCCCCCCC(O)=O,N,7.4,1.0
DIQQRGW,CCCCCCCCCCCCCCCC(O)=O,N,7.4,1.0
IADLLGS,CCCCCCCCCCCCCCCC(O)=O,N,7.4,1.0
FTLQKRT,CCCCCCCCCCCCCCCC(O)=O,N,7.4,1.0
KHLSYLF,CCCCCCCCCCCCCCCC(O)=O,N,7.4,1.0
WFKDPWG,CCCCCCCCCCCCCCCC(O)=O,N,7.4,1.0
VAQLEVW,CCCCCCCCCCCCCCCC(O)=O,N,7.4,1.0
HIVWDKD,CCCCCCCCCCCCCCCC(O)=O,N,7.4,1.0
AQFKLAR,CCCCCCCCCCCCCCCC(O)=O,N,7.4,1.0
FTAVKNR,CCCCCCCCCCCCCCCC(O)=O,N,7.4,1.0
TTWALPE,CCCCCCCCCCCCCCCC(O)=O,N,7.4,1.0
VLRAIRW,CCCCCCCCCCCCCCCC(O)=O,N,7.4,1.0
CHRWDYI,CCCCCCCCCCCCCCCC(O)=O,N,7.4,1.0
LLQPEIG,CCCCCCCCCCCCCCCC(O)=O,N,7.4,1.0
DSWKNRA,CCCCCCCCCCCCCCCC(O)=O,N,7.4,1.0
TCFCFET,CCCCCCCCCCCCCCCC(O)=O,N,7.4,1.0
CIEQWCP,CCCCCCCCCCCCCCCC(O)=O,N,7.4,1.0
WLFREHY,CCCCCCCCCCCCCCCC(O)=O,N,7.4,1.0
RIIGVFY,CCCCCCCCCCCCCCCC(O)=O,N,7.4,1.0
EPRFRWP,CCCCCCCCCCCCCCCC(O)=O,N,7.4,1.0
PPETFIA,CCCCCCCCCCCCCCCC(O)=O,N,7.4,1.0
YRMPYGG,CCCCCCCCCCCCCCCC(O)=O,N,7.4,1.0
YFWYDLI,CCCCCCCCCCCCCCCC(O)=O,N,7.4,1.0
YWHWPVE,CCCCCCCCCCCCCCCC(O)=O,N,7.4,1.0
WYLCDVA,CCCCCCCCCCCCCCCC(O)=O,N,7.4,1.0
DDPKQWV,CCCCCCCCCCCCCCCC(O)=O,N,7.4,1.0
TNMNDFV,CCCCCCCCCCCCCCCC(O)=O,N,7.4,1.0
PFRYWFI,CCCCCCCCCCCCCCCC(O)=O,N,7.4,1.0
RFWSHLP,CCCCCCCCCCCCCCCC(O)=O,N,7.4,1.0
ASKFYQL,CCCCCCCCCCCCCCCC(O)=O,N,7.4,1.0
ATELPFC,CCCCCCCCCCCCCCCC(O)=O,N,7.4,1.0
CLKCRVV,CCCCCCCCCCCCCCCC(O)=O,N,7.4,1.0
RMFYFVM,CCCCCCCCCCCCCCCC(O)=O,N,7.4,1.0
VWDDMEY,CCCCCCCCCCCCCCCC(O)=O,N,7.4,1.0
PINLDAF,CCCCCCCCCCCCCCCC(O)=O,N,7.4,1.0
YDSDWCF,CCCCCCCCCCCCCCCC(O)=O,N,7.4,1.0
QRFARWN,CCCCCCCCCCCCCCCC(O)=O,N,7.4,1.0
MKCRLII,CCCCCCCCCCCCCCCC(O)=O,N,7.4,1.0
SLDIILN,CCCCCCCCCCCCCCCC(O)=O,N,7.4,1.0
YVIHGDY,CCCCCCCCCCCCCCCC(O)=O,N,7.4,1.0
MFSASWR,CCCCCCCCCCCCCCCC(O)=O,N,7.4,1.0
MSQFSYE,CCCCCCCCCCCCCCCC(O)=O,N,7.4,1.0
SYSTWVK,CCCCCCCCCCCCCCCC(O)=O,N,7.4,1.0
DLFCSPG,CCCCCCCCCCCCCCCC(O)=O,N,7.4,1.0
LNRYFFQ,CCCCCCCCCCCCCCCC(O)=O,N,7.4,1.0
SLYVMDR,CCCCCCCCCCCCCCCC(O)=O,N,7.4,1.0
PMDVKQF,CCCCCCCCCCCCCCCC(O)=O,N,7.4,1.0
CCWIARG,CCCCCCCCCCCCCCCC(O)=O,N,7.4,1.0
SWDYIYM,CCCCCCCCCCCCCCCC(O)=O,N,7.4,1.0
KKSLNYA,CCCCCCCCCCCCCCCC(O)=O,N,7.4,1.0
HIPWDAS,CCCCCCCCCCCCCCCC(O)=O,N,7.4,1.0
CLVYIRS,CCCCCCCCCCCCCCCC(O)=O,N,7.4,1.0
PFAKEVF,CCCCCCCCCCCCCCCC(O)=O,N,7.4,1.0
LLTMLQK,CCCCCCCCCCCCCCCC(O)=O,N,7.4,1.0
AVINKWD,CCCCCCCCCCCCCCCC(O)=O,N,7.4,1.0
FRFAENL,CCCCCCCCCCCCCCCC(O)=O,N,7.4,1.0
EFFMMDR,CCCCCCCCCCCCCCCC(O)=O,N,7.4,1.0
RNWWFIF,CCCCCCCCCCCCCCCC(O)=O,N,7.4,1.0
NSIIWDE,CCCCCCCCCCCCCCCC(O)=O,N,7.4,1.0
WGPYRSL,CCCCCCCCCCCCCCCC(O)=O,N,7.4,1.0
MILLRDD,CCCCCCCCCCCCCCCC(O)=O,N,7.4,1.0
SHKVCIP,CCCCCCCCCCCCCCCC(O)=O,N,7.4,1.0
TDNLNVI,CCCCCCCCCCCCCCCC(O)=O,N,7.4,1.0
HFWIKMI,CCCCCCCCCCCCCCCC(O)=O,N,7.4,1.0
EFLLDYA,CCCCCCCCCCCCCCCC(O)=O,N,7.4,1.0
LNPWIWD,CCCCCCCCCCCCCCCC(O)=O,N,7.4,1.0
IYLGEIM,CCCCCCCCCCCCCCCC(O)=O,N,7.4,1.0
DTSTQYE,CCCCCCCCCCCCCCCC(O)=O,N,7.4,1.0
FFHRLIP,CCCCCCCCCCCCCCCC(O)=O,N,7.4,1.0
PSGLCKW,CCCCCCCCCCCCCCCC(O)=O,N,7.4,1.0
NMDPEPVM,CCCCCCCCCCCCCCCC(O)=O,N,7.4,1.0
EPFKCTDQ,CCCCCCCCCCCCCCCC(O)=O,N,7.4,1.0
VPQINIDY,CCCCCCCCCCCCCCCC(O)=O,N,7.4,1.0
FEPWMHGY,CCCCCCCCCCCCCCCC(O)=O,N,7.4,1.0
AVNDFQLC,CCCCCCCCCCCCCCCC(O)=O,N,7.4,1.0
VMWKAQFH,CCCCCCCCCCCCCCCC(O)=O,N,7.4,1.0
QLAFAMDL,CCCCCCCCCCCCCCCC(O)=O,N,7.4,1.0
IWVRHNEV,CCCCCCCCCCCCCCCC(O)=O,N,7.4,1.0
ECGRKYFF,CCCCCCCCCCCCCCCC(O)=O,N,7.4,1.0
HMKNGAMI,CCCCCCCCCCCCCCCC(O)=O,N,7.4,1.0
WPGPITMK,CCCCCCCCCCCCCCCC(O)=O,N,7.4,1.0
KPLMHCNV,CCCCCCCCCCCCCCCC(O)=O,N,7.4,1.0
FDTHKCIF,CCCCCCCCCCCCCCCC(O)=O,N,7.4,1.0
FENPEIMP,CCCCCCCCCCCCCCCC(O)=O,N,7.4,1.0
VYEWKCCF,CCCCCCCCCCCCCCCC(O)=O,N,7.4,1.0
DIWQLCMM,CCCCCCCCCCCCCCCC(O)=O,N,7.4,1.0
AVFCKNDL,CCCCCCCCCCCCCCCC(O)=O,N,7.4,1.0
PGLRKGIF,CCCCCCCCCCCCCCCC(O)=O,N,7.4,1.0
PADKNLNI,CCCCCCCCCCCCCCCC(O)=O,N,7.4,1.0
ITMPVKAQ,CCCCCCCCCCCCCCCC(O)=O,N,7.4,1.0
FPRDYFIL,CCCCCCCCCCCCCCCC(O)=O,N,7.4,1.0
QVDVQKLR,CCCCCCCCCCCCCCCC(O)=O,N,7.4,1.0
CPQREGMV,CCCCCCCCCCCCCCCC(O)=O,N,7.4,1.0
YKPSFSAN,CCCCCCCCCCCCCCCC(O)=O,N,7.4,1.0
IWLKHSQA,CCCCCCCCCCCCCCCC(O)=O,N,7.4,1.0
RQRTCGSM,CCCCCCCCCCCCCCCC(O)=O,N,7.4,1.0
CCVGTLDN,CCCCCCCCCCCCCCCC(O)=O,N,7.4,1.0
RWFSKGQG,CCCCCCCCCCCCCCCC(O)=O,N,7.4,1.0
CLKAVFIF,CCCCCCCCCCCCCCCC(O)=O,N,7.4,1.0
LWPNRADY,CCCCCCCCCCCCCCCC(O)=O,N,7.4,1.0
DKSTPPSY,CCCCCCCCCCCCCCCC(O)=O,N,7.4,1.0
EQPVMTPC,CCCCCCCCCCCCCCCC(O)=O,N,7.4,1.0
FTELYGSW,CCCCCCCCCCCCCCCC(O)=O,N,7.4,1.0
ECPKFVQT,CCCCCCCCCCCCCCCC(O)=O,N,7.4,1.0
DDFSPRWA,CCCCCCCCCCCCCCCC(O)=O,N,7.4,1.0
TDCGCPPC,CCCCCCCCCCCCCCCC(O)=O,N,7.4,1.0
TYPILEVM,CCCCCCCCCCCCCCCC(O)=O,N,7.4,1.0
HHGFTDPR,CCCCCCCCCCCCCCCC(O)=O,N,7.4,1.0
VERCSIMV,CCCCCCCCCCCCCCCC(O)=O,N,7.4,1.0
FFIITIYK,CCCCCCCCCCCCCCCC(O)=O,N,7.4,1.0
IDNYHMVD,CCCCCCCCCCCCCCCC(O)=O,N,7.4,1.0
RRSGFMEL,CCCCCCCCCCCCCCCC(O)=O,N,7.4,1.0
VWSEAIIF,CCCCCCCCCCCCCCCC(O)=O,N,7.4,1.0
ENIPAVGK,CCCCCCCCCCCCCCCC(O)=O,N,7.4,1.0
FFYPVHDC,CCCCCCCCCCCCCCCC(O)=O,N,7.4,1.0
KVFEIDKE,CCCCCCCCCCCCCCCC(O)=O,N,7.4,1.0
WVAFQIQD,CCCCCCCCCCCCCCCC(O)=O,N,7.4,1.0
QRGGFVLL,CCCCCCCCCCCCCCCC(O)=O,N,7.4,1.0
WGETVLKV,CCCCCCCCCCCCCCCC(O)=O,N,7.4,1.0
FRIYECIV,CCCCCCCCCCCCCCCC(O)=O,N,7.4,1.0
SNLCCLWE,CCCCCCCCCCCCCCCC(O)=O,N,7.4,1.0
DHTDQIGI,CCCCCCCCCCCCCCCC(O)=O,N,7.4,1.0
MFMATDMS,CCCCCCCCCCCCCCCC(O)=O,N,7.4,1.0
FNENVVTA,CCCCCCCCCCCCCCCC(O)=O,N,7.4,1.0
QIETETIP,CCCCCCCCCCCCCCCC(O)=O,N,7.4,1.0
TYEFCYAS,CCCCCCCCCCCCCCCC(O)=O,N,7.4,1.0
KNFLWAFH,CCCCCCCCCCCCCCCC(O)=O,N,7.4,1.0
HLKDKIFH,CCCCCCCCCCCCCCCC(O)=O,N,7.4,1.0
AMFFPTFR,CCCCCCCCCCCCCCCC(O)=O,N,7.4,1.0
RIGWLSDP,CCCCCCCCCCCCCCCC(O)=O,N,7.4,1.0
DGCYGHFV,CCCCCCCCCCCCCCCC(O)=O,N,7.4,1.0
APIHKDDN,CCCCCCCCCCCCCCCC(O)=O,N,7.4,1.0
MRRVWLCT,CCCCCCCCCCCCCCCC(O)=O,N,7.4,1.0
VDYHDYNY,CCCCCCCCCCCCCCCC(O)=O,N,7.4,1.0
FNWRTCAW,CCCCCCCCCCCCCCCC(O)=O,N,7.4,1.0
SFCADLKR,CCCCCCCCCCCCCCCC(O)=O,N,7.4,1.0
IDCYEHVP,CCCCCCCCCCCCCCCC(O)=O,N,7.4,1.0
GQIWCSDD,CCCCCCCCCCCCCCCC(O)=O,N,7.4,1.0
IFPVHEFH,CCCCCCCCCCCCCCCC(O)=O,N,7.4,1.0
HNVRPWQW,CCCCCCCCCCCCCCCC(O)=O,N,7.4,1.0
NPIKNPRV,CCCCCCCCCCCCCCCC(O)=O,N,7.4,1.0
DDRWMDHD,CCCCCCCCCCCCCCCC(O)=O,N,7.4,1.0
DPIEEADL,CCCCCCCCCCCCCCCC(O)=O,N,7.4,1.0
HMRMVVCG,CCCCCCCCCCCCCCCC(O)=O,N,7.4,1.0
DQTFVWRC,CCCCCCCCCCCCCCCC(O)=O,N,7.4,1.0
PSPWGEFT,CCCCCCCCCCCCCCCC(O)=O,N,7.4,1.0
GARKPPGV,CCCCCCCCCCCCCCCC(O)=O,N,7.4,1.0
ARPLFRFW,CCCCCCCCCCCCCCCC(O)=O,N,7.4,1.0
IMSTKGEL,CCCCCCCCCCCCCCCC(O)=O,N,7.4,1.0
EHYMATGF,CCCCCCCCCCCCCCCC(O)=O,N,7.4,1.0
GWHELNVL,CCCCCCCCCCCCCCCC(O)=O,N,7.4,1.0
PLRSMVDA,CCCCCCCCCCCCCCCC(O)=O,N,7.4,1.0
HWQWYGSD,CCCCCCCCCCCCCCCC(O)=O,N,7.4,1.0
APGLYDQS,CCCCCCCCCCCCCCCC(O)=O,N,7.4,1.0
NMYMGNGK,CCCCCCCCCCCCCCCC(O)=O,N,7.4,1.0
SINWIKPE,CCCCCCCCCCCCCCCC(O)=O,N,7.4,1.0
VAKIWMDK,CCCCCCCCCCCCCCCC(O)=O,N,7.4,1.0
MEKVKYAD,CCCCCCCCCCCCCCCC(O)=O,N,7.4,1.0
LKLMACCP,CCCCCCCCCCCCCCCC(O)=O,N,7.4,1.0
LWLEQGDG,CCCCCCCCCCCCCCCC(O)=O,N,7.4,1.0
SGVGKWEA,CCCCCCCCCCCCCCCC(O)=O,N,7.4,1.0
LDFAANFK,CCCCCCCCCCCCCCCC(O)=O,N,7.4,1.0
DSTIVLIE,CCCCCCCCCCCCCCCC(O)=O,N,7.4,1.0
CGCLQEPW,CCCCCCCCCCCCCCCC(O)=O,N,7.4,1.0
IDITTDMC,CCCCCCCCCCCCCCCC(O)=O,N,7.4,1.0
NGTCDLIW,CCCCCCCCCCCCCCCC(O)=O,N,7.4,1.0
ITGWHQVK,CCCCCCCCCCCCCCCC(O)=O,N,7.4,1.0
LGTYFSEV,CCCCCCCCCCCCCCCC(O)=O,N,7.4,1.0
NLQFWDYR,CCCCCCCCCCCCCCCC(O)=O,N,7.4,1.0
VITLEIQV,CCCCCCCCCCCCCCCC(O)=O,N,7.4,1.0
SWMWHEVH,CCCCCCCCCCCCCCCC(O)=O,N,7.4,1.0
RFCIYPCV,CCCCCCCCCCCCCCCC(O)=O,N,7.4,1.0
MRPMCEFM,CCCCCCCCCCCCCCCC(O)=O,N,7.4,1.0
CVSKILIM,CCCCCCCCCCCCCCCC(O)=O,N,7.4,1.0
LYEPGPAF,CCCCCCCCCCCCCCCC(O)=O,N,7.4,1.0
KEDWLTNQ,CCCCCCCCCCCCCCCC(O)=O,N,7.4,1.0
YRMYYKFT,CCCCCCCCCCCCCCCC(O)=O,N,7.4,1.0
LMDPKCEN,CCCCCCCCCCCCCCCC(O)=O,N,7.4,1.0
FPDLTNEG,CCCCCCCCCCCCCCCC(O)=O,N,7.4,1.0
YHRSSNFFI,CCCCCCCCCCCCCCCC(O)=O,N,7.4,1.0
RPLICGDPV,CCCCCCCCCCCCCCCC(O)=O,N,7.4,1.0
FLAAEKIGD,CCCCCCCCCCCCCCCC(O)=O,N,7.4,1.0
NWQVMKHPH,CCCCCCCCCCCCCCCC(O)=O,N,7.4,1.0
DIYCLCMFC,CCCCCCCCCCCCCCCC(O)=O,N,7.4,1.0
WGCHHCHDN,CCCCCCCCCCCCCCCC(O)=O,N,7.4,1.0
HTYWTLMEI,CCCCCCCCCCCCCCCC(O)=O,N,7.4,1.0
MECYDYMSR,CCCCCCCCCCCCCCCC(O)=O,N,7.4,1.0
SNWWHKGRT,CCCCCCCCCCCCCCCC(O)=O,N,7.4,1.0
VITHFLLDT,CCCCCCCCCCCCCCCC(O)=O,N,7.4,1.0
QSMYYPIEH,CCCCCCCCCCCCCCCC(O)=O,N,7.4,1.0
RQKSAEGFY,CCCCCCCCCCCCCCCC(O)=O,N,7.4,1.0
YIRYGENFR,CCCCCCCCCCCCCCCC(O)=O,N,7.4,1.0
FEYQHHMYN,CCCCCCCCCCCCCCCC(O)=O,N,7.4,1.0
WSLPTDPDE,CCCCCCCCCCCCCCCC(O)=O,N,7.4,1.0
YDDVIWESF,CCCCCCCCCCCCCCCC(O)=O,N,7.4,1.0
VGGDVMWHD,CCCCCCCCCCCCCCCC(O)=O,N,7.4,1.0
WLYYDGRKL,CCCCCCCCCCCCCCCC(O)=O,N,7.4,1.0
EVWTHWDKC,CCCCCCCCCCCCCCCC(O)=O,N,7.4,1.0
CHILDLCFH,CCCCCCCCCCCCCCCC(O)=O,N,7.4,1.0
IMTLCLVEE,CCCCCCCCCCCCCCCC(O)=O,N,7.4,1.0
FMINFNMAD,CCCCCCCCCCCCCCCC(O)=O,N,7.4,1.0
CFDVIHWDW,CCCCCCCCCCCCCCCC(O)=O,N,7.4,1.0
IPEEEYVVC,CCCCCCCCCCCCCCCC(O)=O,N,7.4,1.0
MWMRKIQQV,CCCCCCCCCCCCCCCC(O)=O,N,7.4,1.0
IILPNKVNG,CCCCCCCCCCCCCCCC(O)=O,N,7.4,1.0
IWDGEELAM,CCCCCCCCCCCCCCCC(O)=O,N,7.4,1.0
LILDTPSKR,CCCCCCCCCCCCCCCC(O)=O,N,7.4,1.0
VCVCADMMM,CCCCCCCCCCCCCCCC(O)=O,N,7.4,1.0
AHPIAMRRY,CCCCCCCCCCCCCCCC(O)=O,N,7.4,1.0
WLSDVCHQW,CCCCCCCCCCCCCCCC(O)=O,N,7.4,1.0
FICWNQSFE,CCCCCCCCCCCCCCCC(O)=O,N,7.4,1.0
CAHMCVEEA,CCCCCCCCCCCCCCCC(O)=O,N,7.4,1.0
LCLFSRQWG,CCCCCCCCCCCCCCCC(O)=O,N,7.4,1.0
NDHWVQFVG,CCCCCCCCCCCCCCCC(O)=O,N,7.4,1.0
CPVNFRNRC,CCCCCCCCCCCCCCCC(O)=O,N,7.4,1.0
PNWCVGHKK,CCCCCCCCCCCCCCCC(O)=O,N,7.4,1.0
MVVELCQDP,CCCCCCCCCCCCCCCC(O)=O,N,7.4,1.0
FFWRYLPNT,CCCCCCCCCCCCCCCC(O)=O,N,7.4,1.0
NCMYWCKIM,CCCCCCCCCCCCCCCC(O)=O,N,7.4,1.0
MLYFRIWNS,CCCCCCCCCCCCCCCC(O)=O,N,7.4,1.0
WSDGRCTWE,CCCCCCCCCCCCCCCC(O)=O,N,7.4,1.0
VEYYVVTFV,CCCCCCCCCCCCCCCC(O)=O,N,7.4,1.0
TAQMDACYE,CCCCCCCCCCCCCCCC(O)=O,N,7.4,1.0
SRAYLLNEF,CCCCCCCCCCCCCCCC(O)=O,N,7.4,1.0
YKALFWSPR,CCCCCCCCCCCCCCCC(O)=O,N,7.4,1.0
KMQPNFIRT,CCCCCCCCCCCCCCCC(O)=O,N,7.4,1.0
YTSPGDPVN,CCCCCCCCCCCCCCCC(O)=O,N,7.4,1.0
LKRLLRDAI,CCCCCCCCCCCCCCCC(O)=O,N,7.4,1.0
IPDNVQYSI,CCCCCCCCCCCCCCCC(O)=O,N,7.4,1.0
LCVINIQKH,CCCCCCCCCCCCCCCC(O)=O,N,7.4,1.0
AMVVMMRIE,CCCCCCCCCCCCCCCC(O)=O,N,7.4,1.0
FQSARWTKP,CCCCCCCCCCCCCCCC(O)=O,N,7.4,1.0
HIPCSYWEQ,CCCCCCCCCCCCCCCC(O)=O,N,7.4,1.0
VSEKRGTII,CCCCCCCCCCCCCCCC(O)=O,N,7.4,1.0
SPIGSRAKH,CCCCCCCCCCCCCCCC(O)=O,N,7.4,1.0
TFIPFRHAS,CCCCCCCCCCCCCCCC(O)=O,N,7.4,1.0
FTVAAAVRR,CCCCCCCCCCCCCCCC(O)=O,N,7.4,1.0
LTCFFWMDC,CCCCCCCCCCCCCCCC(O)=O,N,7.4,1.0
LPFDNQFGT,CCCCCCCCCCCCCCCC(O)=O,N,7.4,1.0
GEFTKGADE,CCCCCCCCCCCCCCCC(O)=O,N,7.4,1.0
EQFWVMYAT,CCCCCCCCCCCCCCCC(O)=O,N,7.4,1.0
ELPTRKPDY,CCCCCCCCCCCCCCCC(O)=O,N,7.4,1.0
PPICLLRLY,CCCCCCCCCCCCCCCC(O)=O,N,7.4,1.0
RVIGISMWY,CCCCCCCCCCCCCCCC(O)=O,N,7.4,1.0
TVPVPKTQT,CCCCCCCCCCCCCCCC(O)=O,N,7.4,1.0
GLLIHGCAD,CCCCCCCCCCCCCCCC(O)=O,N,7.4,1.0
LKFSMIEPN,CCCCCCCCCCCCCCCC(O)=O,N,7.4,1.0
CMNKSLCAF,CCCCCCCCCCCCCCCC(O)=O,N,7.4,1.0
CNPDFKIRD,CCCCCCCCCCCCCCCC(O)=O,N,7.4,1.0
IFKFGVLSI,CCCCCCCCCCCCCCCC(O)=O,N,7.4,1.0
WQRAYQQCQ,CCCCCCCCCCCCCCCC(O)=O,N,7.4,1.0
RLCFMNLYA,CCCCCCCCCCCCCCCC(O)=O,N,7.4,1.0
SQRRSDSKF,CCCCCCCCCCCCCCCC(O)=O,N,7.4,1.0
CNMQTERIP,CCCCCCCCCCCCCCCC(O)=O,N,7.4,1.0
FPCVMADAI,CCCCCCCCCCCCCCCC(O)=O,N,7.4,1.0
QIFFEVNFV,CCCCCCCCCCCCCCCC(O)=O,N,7.4,1.0
NGYNDETWL,CCCCCCCCCCCCCCCC(O)=O,N,7.4,1.0
CGNNILKLD,CCCCCCCCCCCCCCCC(O)=O,N,7.4,1.0
TTNYKILTC,CCCCCCCCCCCCCCCC(O)=O,N,7.4,1.0
WWQGLDLPY,CCCCCCCCCCCCCCCC(O)=O,N,7.4,1.0
PCEGALIMY,CCCCCCCCCCCCCCCC(O)=O,N,7.4,1.0
VFALVDNGV,CCCCCCCCCCCCCCCC(O)=O,N,7.4,1.0
IKWNQFVVG,CCCCCCCCCCCCCCCC(O)=O,N,7.4,1.0
MVEVIVAME,CCCCCCCCCCCCCCCC(O)=O,N,7.4,1.0
ALDKHQWTC,CCCCCCCCCCCCCCCC(O)=O,N,7.4,1.0
IYTSWGKHV,CCCCCCCCCCCCCCCC(O)=O,N,7.4,1.0
HFFMAEGWC,CCCCCCCCCCCCCCCC(O)=O,N,7.4,1.0
LLGQNHKNH,CCCCCCCCCCCCCCCC(O)=O,N,7.4,1.0
EFKCNNYML,CCCCCCCCCCCCCCCC(O)=O,N,7.4,1.0
DWWYCCCIR,CCCCCCCCCCCCCCCC(O)=O,N,7.4,1.0
TAMFKNWAF,CCCCCCCCCCCCCCCC(O)=O,N,7.4,1.0
TCSNAAWSR,CCCCCCCCCCCCCCCC(O)=O,N,7.4,1.0
WTNPMRYQT,CCCCCCCCCCCCCCCC(O)=O,N,7.4,1.0
FGKILARQG,CCCCCCCCCCCCCCCC(O)=O,N,7.4,1.0
LAIRHAMWMV,CCCCCCCCCCCCCCCC(O)=O,N,7.4,1.0
PHCGVDISCN,CCCCCCCCCCCCCCCC(O)=O,N,7.4,1.0
MACMTNKSFI,CCCCCCCCCCCCCCCC(O)=O,N,7.4,1.0
NFRGYTKHGS,CCCCCCCCCCCCCCCC(O)=O,N,7.4,1.0
KHNYPIKMYY,CCCCCCCCCCCCCCCC(O)=O,N,7.4,1.0
FWQWVEAQGA,CCCCCCCCCCCCCCCC(O)=O,N,7.4,1.0
LFARFLICRQ,CCCCCCCCCCCCCCCC(O)=O,N,7.4,1.0
AVWNIEDPAA,CCCCCCCCCCCCCCCC(O)=O,N,7.4,1.0
TRVFMCTQAP,CCCCCCCCCCCCCCCC(O)=O,N,7.4,1.0
RARRQWVIHS,CCCCCCCCCCCCCCCC(O)=O,N,7.4,1.0
NKYCARVVEL,CCCCCCCCCCCCCCCC(O)=O,N,7.4,1.0
WMKRCCVQIN,CCCCCCCCCCCCCCCC(O)=O,N,7.4,1.0
ETMSLEWVSG,CCCCCCCCCCCCCCCC(O)=O,N,7.4,1.0
LWAATQLRLG,CCCCCCCCCCCCCCCC(O)=O,N,7.4,1.0
CLNSKLKRER,CCCCCCCCCCCCCCCC(O)=O,N,7.4,1.0
LQCKPLGWSH,CCCCCCCCCCCCCCCC(O)=O,N,7.4,1.0
DCIWVEMGKC,CCCCCCCCCCCCCCCC(O)=O,N,7.4,1.0
PFRPAQQWPN,CCCCCCCCCCCCCCCC(O)=O,N,7.4,1.0
CNWTESMIHF,CCCCCCCCCCCCCCCC(O)=O,N,7.4,1.0
PMWDSEVGTI,CCCCCCCCCCCCCCCC(O)=O,N,7.4,1.0
PVCHVPLGDY,CCCCCCCCCCCCCCCC(O)=O,N,7.4,1.0
TYMNGEFQQI,CCCCCCCCCCCCCCCC(O)=O,N,7.4,1.0
KSMERPLWQR,CCCCCCCCCCCCCCCC(O)=O,N,7.4,1.0
CQREYMYFNG,CCCCCCCCCCCCCCCC(O)=O,N,7.4,1.0
RPVCYYGYTS,CCCCCCCCCCCCCCCC(O)=O,N,7.4,1.0
PMECPSCDPG,CCCCCCCCCCCCCCCC(O)=O,N,7.4,1.0
WHGNILSEGS,CCCCCCCCCCCCCCCC(O)=O,N,7.4,1.0
IQLIGNIKND,CCCCCCCCCCCCCCCC(O)=O,N,7.4,1.0
IITVQHRSIC,CCCCCCCCCCCCCCCC(O)=O,N,7.4,1.0
FHVEHNETTE,CCCCCCCCCCCCCCCC(O)=O,N,7.4,1.0
PSDGGLLSQP,CCCCCCCCCCCCCCCC(O)=O,N,7.4,1.0
YFHNLDRMCP,CCCCCCCCCCCCCCCC(O)=O,N,7.4,1.0
WFELDVKDFH,CCCCCCCCCCCCCCCC(O)=O,N,7.4,1.0
GFLFTFPSKE,CCCCCCCCCCCCCCCC(O)=O,N,7.4,1.0
VMDCGCNTHW,CCCCCCCCCCCCCCCC(O)=O,N,7.4,1.0
EWLPSENRCI,CCCCCCCCCCCCCCCC(O)=O,N,7.4,1.0
QENYIPWWGY,CCCCCCCCCCCCCCCC(O)=O,N,7.4,1.0
EGKSNSGCYH,CCCCCCCCCCCCCCCC(O)=O,N,7.4,1.0
WASFTKIYVM,CCCCCCCCCCCCCCCC(O)=O,N,7.4,1.0
GGGFSGYADF,CCCCCCCCCCCCCCCC(O)=O,N,7.4,1.0
ELCEAPRADE,CCCCCCCCCCCCCCCC(O)=O,N,7.4,1.0
WVCRGAMGIP,CCCCCCCCCCCCCCCC(O)=O,N,7.4,1.0
CCAKYYLHHD,CCCCCCCCCCCCCCCC(O)=O,N,7.4,1.0
LTMYPDSAEP,CCCCCCCCCCCCCCCC(O)=O,N,7.4,1.0
VAFNFDNMSS,CCCCCCCCCCCCCCCC(O)=O,N,7.4,1.0
SEWVLQTYSA,CCCCCCCCCCCCCCCC(O)=O,N,7.4,1.0
RMVQWIFQLC,CCCCCCCCCCCCCCCC(O)=O,N,7.4,1.0
IRFFYIPDAF,CCCCCCCCCCCCCCCC(O)=O,N,7.4,1.0
PCRAIMNERE,CCCCCCCCCCCCCCCC(O)=O,N,7.4,1.0
THMTADYTWG,CCCCCCCCCCCCCCCC(O)=O,N,7.4,1.0
VHKHMIGEIG,CCCCCCCCCCCCCCCC(O)=O,N,7.4,1.0
WGQGSRFYIE,CCCCCCCCCCCCCCCC(O)=O,N,7.4,1.0
KFATGFWILK,CCCCCCCCCCCCCCCC(O)=O,N,7.4,1.0
KAYSKFCVGE,CCCCCCCCCCCCCCCC(O)=O,N,7.4,1.0
LMNGWVDPAN,CCCCCCCCCCCCCCCC(O)=O,N,7.4,1.0
FSLWTCNRWP,CCCCCCCCCCCCCCCC(O)=O,N,7.4,1.0
CVFNSAVNIK,CCCCCCCCCCCCCCCC(O)=O,N,7.4,1.0
PNKMNHYTWR,CCCCCCCCCCCCCCCC(O)=O,N,7.4,1.0
WIDTLDLQHI,CCCCCCCCCCCCCCCC(O)=O,N,7.4,1.0
RVYQCAPIWT,CCCCCCCCCCCCCCCC(O)=O,N,7.4,1.0
FFWECMCCMQ,CCCCCCCCCCCCCCCC(O)=O,N,7.4,1.0
IKNHQSMEYT,CCCCCCCCCCCCCCCC(O)=O,N,7.4,1.0
IFWQQKKLFL,CCCCCCCCCCCCCCCC(O)=O,N,7.4,1.0
LPCECWPLPK,CCCCCCCCCCCCCCCC(O)=O,N,7.4,1.0
NCINGQSFLK,CCCCCCCCCCCCCCCC(O)=O,N,7.4,1.0
LIHADLFASM,CCCCCCCCCCCCCCCC(O)=O,N,7.4,1.0
EQEAMFIFTM,CCCCCCCCCCCCCCCC(O)=O,N,7.4,1.0
SGTRTAWFGY,CCCCCCCCCCCCCCCC(O)=O,N,7.4,1.0
LINNVAVYFK,CCCCCCCCCCCCCCCC(O)=O,N,7.4,1.0
QIVCSSEADM,CCCCCCCCCCCCCCCC(O)=O,N,7.4,1.0
KLPRNAEQTI,CCCCCCCCCCCCCCCC(O)=O,N,7.4,1.0
VTPGASHTKY,CCCCCCCCCCCCCCCC(O)=O,N,7.4,1.0
NFCSCQCAMK,CCCCCCCCCCCCCCCC(O)=O,N,7.4,1.0
ADKGDFTMLR,CCCCCCCCCCCCCCCC(O)=O,N,7.4,1.0
SYVHRTQHRP,CCCCCCCCCCCCCCCC(O)=O,N,7.4,1.0
CNYAEKQDNY,CCCCCCCCCCCCCCCC(O)=O,N,7.4,1.0
HKPVPVTIVK,CCCCCCCCCCCCCCCC(O)=O,N,7.4,1.0
DWPRKTWGPM,CCCCCCCCCCCCCCCC(O)=O,N,7.4,1.0
SSSDADKYYE,CCCCCCCCCCCCCCCC(O)=O,N,7.4,1.0
GPNPPDFHIS,CCCCCCCCCCCCCCCC(O)=O,N,7.4,1.0
SLARAFGIGQ,CCCCCCCCCCCCCCCC(O)=O,N,7.4,1.0
PPQDSEYFCR,CCCCCCCCCCCCCCCC(O)=O,N,7.4,1.0
QPGIPRAQED,CCCCCCCCCCCCCCCC(O)=O,N,7.4,1.0
WYLCASSAKK,CCCCCCCCCCCCCCCC(O)=O,N,7.4,1.0
AIVLKWTSTI,CCCCCCCCCCCCCCCC(O)=O,N,7.4,1.0
EDPRGYLCVQ,CCCCCCCCCCCCCCCC(O)=O,N,7.4,1.0
EAWVQNAKLT,CCCCCCCCCCCCCCCC(O)=O,N,7.4,1.0
PNDMAVWGAA,CCCCCCCCCCCCCCCC(O)=O,N,7.4,1.0
INNIFKFKQL,CCCCCCCCCCCCCCCC(O)=O,N,7.4,1.0
NQVVQWKAPW,CCCCCCCCCCCCCCCC(O)=O,N,7.4,1.0
VYNNALRMWK,CCCCCCCCCCCCCCCC(O)=O,N,7.4,1.0
ATMEAHHVWL,CCCCCCCCCCCCCCCC(O)=O,N,7.4,1.0
TALLFEEDGY,CCCCCCCCCCCCCCCC(O)=O,N,7.4,1.0
MQFDYHSDVN,CCCCCCCCCCCCCCCC(O)=O,N,7.4,1.0
LVWGKNKPII,CCCCCCCCCCCCCCCC(O)=O,N,7.4,1.0
IWEARQPGEL,CCCCCCCCCCCCCCCC(O)=O,N,7.4,1.0
